idx,0,1,2,3,4,5,6,7,8,9,10,11,12,13,14,15,16,17,18,19,20,21,22,23,24,25,26,27,28,29,30
0,False,True,False,True,False,False,False,False,False,True,False,False,False,False,False,False,False,False,False,False,True,False,False,False,False,False,False,False,False,False,True
1,False,False,False,False,False,True,False,False,True,True,False,False,False,False,False,False,False,False,False,False,False,False,False,True,False,False,False,False,False,False,False
2,False,False,False,False,False,False,False,True,False,False,False,False,False,False,False,False,False,True,False,False,False,False,False,False,True,False,True,False,True,True,True
3,True,True,False,True,False,False,False,False,False,False,False,False,False,False,True,True,False,False,False,False,False,False,False,False,False,False,False,False,False,False,False
4,False,True,False,True,False,False,False,True,False,True,False,False,False,False,False,False,False,False,False,False,False,False,False,False,False,False,False,False,False,False,False
5,True,False,False,False,False,True,False,False,False,False,False,False,False,False,False,False,False,False,False,True,False,False,False,False,True,False,True,False,False,True,False
6,True,True,False,True,False,True,False,False,False,False,True,False,False,False,True,False,False,True,False,False,False,True,False,False,False,False,False,False,False,False,False
7,False,False,False,False,False,False,False,False,False,False,False,False,False,False,False,False,,True,False,False,False,False,True,False,True,False,True,False,False,False,False
8,False,False,False,False,False,False,False,False,False,True,False,False,False,False,False,False,False,False,False,False,False,False,False,False,False,True,True,False,True,True,True
9,False,False,False,False,False,True,False,False,False,False,False,False,False,False,False,False,False,False,False,False,False,False,False,False,False,True,True,False,False,True,True
10,False,False,False,False,False,False,False,False,False,False,False,False,False,False,False,False,False,True,False,False,False,False,False,False,False,True,True,False,True,False,True
11,False,True,False,True,False,True,False,False,False,False,False,False,False,False,True,False,False,False,False,False,False,False,False,False,True,False,True,False,True,True,True
12,True,True,False,True,False,False,False,False,True,False,False,False,False,False,False,True,True,False,False,False,False,False,True,False,False,True,False,False,False,False,False
13,True,True,False,False,False,False,False,False,True,False,True,False,False,False,False,False,False,False,False,True,True,False,False,False,False,False,False,False,False,False,False
14,False,False,False,False,False,False,False,False,False,False,False,False,False,True,True,False,True,True,False,False,False,False,True,False,False,False,True,False,False,True,True
15,True,True,True,True,False,True,True,True,False,True,False,False,False,False,False,False,False,False,False,False,False,False,False,False,False,False,True,False,False,False,False
16,False,False,False,False,False,False,False,False,False,False,False,False,False,False,False,False,False,False,False,False,False,False,False,False,False,False,False,False,True,False,True
17,False,False,False,False,False,False,False,False,True,True,False,False,False,False,False,True,False,False,False,False,False,False,False,False,False,False,False,False,True,False,True
18,False,False,False,False,False,True,False,False,True,False,False,False,True,False,False,False,False,False,False,False,False,False,False,True,False,False,False,True,False,False,False
19,False,False,False,True,False,False,False,False,True,False,False,False,False,False,True,False,False,False,False,False,False,False,False,False,False,True,True,False,True,False,True
20,True,False,False,False,False,True,False,True,True,False,True,False,False,False,False,False,False,False,False,True,True,False,False,True,False,True,False,False,False,True,False
21,True,False,False,False,False,False,False,False,True,True,False,False,False,False,False,False,False,False,False,False,False,False,False,False,False,False,False,False,False,False,False
22,False,False,False,True,False,False,False,False,False,True,False,False,False,True,True,True,False,True,False,False,False,False,False,False,True,False,True,False,False,False,False
23,False,False,False,False,False,False,False,False,False,False,False,False,False,False,False,False,False,False,False,True,False,False,False,False,False,True,True,False,False,False,False
24,False,False,False,False,False,True,False,False,True,False,True,False,False,False,False,False,False,False,False,False,True,False,False,False,False,True,True,False,True,True,True
25,False,False,False,False,False,True,False,False,False,False,True,False,False,False,False,False,False,False,False,True,True,False,False,False,False,True,False,False,False,True,False
26,True,False,True,True,False,True,True,True,False,True,False,True,True,False,True,True,False,False,False,False,False,False,False,False,False,False,True,False,False,False,False
27,False,True,False,True,False,True,False,False,True,True,False,False,False,False,True,False,False,False,False,False,False,False,False,False,False,False,False,False,False,False,False
28,False,False,False,False,False,False,False,False,False,False,False,False,False,False,False,False,False,False,False,False,True,False,False,False,False,False,False,False,True,True,True
29,False,False,False,False,False,False,False,False,False,True,False,False,False,False,False,False,False,False,False,False,False,False,False,False,True,False,True,False,False,False,False
30,False,False,False,False,False,True,False,False,False,False,False,False,False,False,False,False,False,False,False,True,False,False,False,False,False,False,True,False,False,False,False
31,True,True,False,True,False,True,True,False,False,False,False,False,False,False,False,False,False,False,False,True,False,False,False,False,False,False,False,False,False,False,False
32,True,True,True,False,False,True,True,False,False,True,False,True,True,False,False,True,False,False,True,False,False,True,False,False,False,False,True,False,False,False,False
33,False,False,False,False,False,True,False,False,False,False,False,False,False,False,False,False,False,False,False,True,False,False,False,False,True,False,True,False,False,False,True
34,True,True,True,True,True,True,False,False,True,False,True,False,True,True,True,False,False,False,False,True,True,False,False,False,False,True,True,False,False,False,False
35,True,True,True,False,True,True,True,False,False,False,False,False,False,False,False,False,False,True,False,False,False,True,False,False,False,False,False,False,False,False,False
36,False,False,False,False,False,True,False,False,False,False,False,False,False,False,False,False,False,False,False,False,False,False,False,False,False,True,True,False,False,False,False
37,True,False,True,False,True,False,True,True,True,True,False,True,True,False,False,True,False,False,False,True,True,False,False,False,False,False,False,False,False,False,False
38,False,False,False,False,False,False,False,False,False,True,False,False,False,False,False,False,False,False,False,False,False,True,False,False,False,False,True,False,True,False,True
39,True,False,True,False,True,False,False,False,True,True,True,False,False,False,False,False,False,False,False,False,True,False,False,False,False,True,False,False,False,False,False
40,False,False,False,False,False,False,False,False,False,False,False,False,False,False,False,False,False,False,False,False,False,True,False,False,False,False,False,False,False,False,False
41,False,False,False,True,False,False,False,False,False,False,False,False,False,True,True,False,False,False,False,True,True,False,False,False,False,True,True,False,True,True,True
42,True,False,False,False,False,True,False,True,True,True,False,False,False,True,False,False,False,False,False,False,False,False,False,False,False,True,False,False,False,False,True
43,True,True,True,True,True,True,False,False,True,False,False,False,True,True,True,False,False,False,False,False,False,False,False,False,False,True,True,False,False,True,False
44,False,False,False,False,False,True,False,False,False,False,False,False,False,False,False,False,False,False,False,True,False,False,False,False,False,True,False,False,False,False,False
45,True,False,True,False,False,True,True,True,True,True,False,False,True,False,False,False,False,False,False,False,False,False,False,False,False,False,False,False,False,False,False
46,False,False,False,False,False,False,False,False,False,False,False,False,False,False,False,False,False,False,False,False,False,False,False,False,False,True,True,False,True,False,True
47,True,True,False,False,False,True,True,False,True,True,False,False,False,False,False,False,False,False,False,True,True,False,False,False,False,False,False,False,False,False,False
48,True,True,False,False,False,True,False,False,False,False,True,False,False,True,True,False,False,True,False,True,True,False,False,False,False,True,True,False,False,False,False
49,False,False,False,False,False,True,False,False,False,False,False,False,False,False,False,False,False,False,False,True,False,False,False,False,False,False,False,False,False,False,False
50,False,False,False,True,False,True,False,False,False,False,False,False,False,False,True,False,False,False,False,False,False,False,False,False,False,False,False,False,False,False,False
51,True,False,True,True,False,True,True,True,False,True,False,False,True,False,True,True,False,False,False,False,False,False,False,False,True,False,True,False,False,False,False
52,True,False,True,False,False,True,True,True,True,True,True,False,False,False,True,False,False,False,False,True,False,False,False,False,False,False,False,False,False,False,False
53,True,False,True,False,True,False,False,False,False,True,True,True,False,False,False,False,False,False,False,True,True,False,False,False,False,True,False,False,False,False,False
54,False,False,False,False,False,True,False,False,False,False,False,False,False,True,False,False,False,True,False,False,False,False,False,False,False,True,True,False,False,True,True
55,False,False,False,True,False,False,False,False,False,False,False,False,False,False,True,False,False,True,False,False,False,True,False,False,False,True,True,False,True,True,True
56,True,True,False,True,False,True,False,False,False,False,True,False,False,True,True,False,False,False,False,False,False,False,False,False,False,True,True,False,False,False,False
57,True,False,True,False,True,True,False,False,True,False,True,False,False,False,False,False,False,False,False,True,True,False,False,False,False,False,False,False,False,False,False
58,True,False,False,False,False,True,False,False,False,False,False,False,False,False,False,False,False,False,False,False,False,False,False,False,True,False,True,False,False,False,False
59,True,True,False,True,False,False,False,False,False,False,False,False,False,False,True,False,False,True,False,False,False,True,False,False,False,False,True,False,False,False,False
60,False,False,False,False,False,False,False,False,False,False,False,False,False,False,False,False,False,False,False,True,True,False,False,False,True,False,True,False,True,True,False
61,True,False,True,False,True,False,True,True,True,True,False,True,True,False,False,True,False,False,False,False,False,False,False,False,False,False,False,False,False,False,False
62,True,True,True,True,False,True,True,False,False,False,True,False,False,True,True,False,False,True,False,False,False,False,False,False,True,False,True,False,False,False,False
63,True,True,True,False,True,False,True,True,False,True,False,False,True,False,True,False,False,False,False,False,False,False,False,True,False,False,False,False,False,False,False
64,False,False,False,False,False,False,False,False,False,False,False,False,False,False,False,False,False,False,False,True,False,False,False,False,False,False,False,False,True,False,True
65,False,False,False,True,False,False,False,False,True,False,False,False,False,False,False,True,False,False,False,True,True,False,False,False,False,False,False,False,True,False,False
66,False,False,False,False,False,False,False,True,False,False,False,False,False,False,True,False,False,False,False,False,False,False,False,False,False,True,True,False,True,False,True
67,True,False,True,False,False,True,False,False,True,True,False,False,False,False,False,False,False,False,False,False,False,False,False,False,False,False,False,False,False,False,False
68,False,False,False,False,False,False,False,False,True,False,False,False,False,False,False,False,False,False,False,True,True,False,False,False,False,False,False,False,False,False,False
69,True,False,True,False,True,True,True,True,True,True,False,False,True,False,False,False,False,False,False,False,True,False,False,False,False,False,False,False,False,False,True
70,False,False,False,False,False,False,False,False,True,False,False,False,False,True,False,False,False,False,False,False,True,False,False,False,False,True,True,False,True,False,True
71,False,False,False,False,False,False,False,False,False,True,False,False,False,False,True,False,False,False,False,False,True,False,False,False,False,True,True,False,True,False,True
72,False,False,False,False,False,False,False,False,False,True,False,False,False,False,False,False,False,False,False,False,False,False,False,False,False,True,False,False,True,False,True
73,False,False,False,False,False,False,False,False,False,False,False,False,False,False,False,False,False,False,False,False,True,True,False,False,False,True,False,False,False,True,False
74,True,True,True,False,True,True,False,False,False,False,True,False,False,False,False,False,False,False,False,False,False,False,False,False,False,True,False,False,False,False,False
75,True,True,False,False,False,True,False,False,False,True,True,False,False,True,True,False,False,False,False,True,True,False,False,False,True,False,True,False,False,False,True
76,True,False,True,False,True,True,False,False,False,False,True,True,False,False,False,True,False,False,True,True,False,False,True,False,False,False,False,False,False,False,False
77,True,False,True,True,False,False,True,True,False,True,False,True,True,False,False,True,False,False,False,False,False,False,False,False,False,False,False,False,False,False,False
78,False,False,False,False,False,False,False,False,False,False,False,False,True,True,False,False,False,False,False,False,False,False,False,False,False,True,True,False,False,False,False
79,False,False,False,True,False,False,False,False,False,True,False,False,False,True,False,False,False,False,False,False,False,False,False,False,False,True,False,False,False,True,False
80,False,False,False,False,False,True,False,False,False,False,False,False,False,False,True,False,False,False,False,False,False,False,False,False,False,False,False,False,False,False,False
81,False,False,False,True,False,False,False,False,False,False,False,False,False,False,True,False,False,False,False,False,False,False,False,False,True,False,True,False,True,True,True
82,False,False,False,True,False,False,False,False,False,False,False,False,False,False,True,False,False,False,False,False,False,False,True,False,False,False,True,False,True,True,True
83,False,False,False,False,False,False,False,True,False,True,False,False,False,False,False,False,False,False,False,False,True,False,False,False,False,True,True,True,True,False,True
84,False,False,False,False,False,True,False,False,False,False,True,False,False,False,False,False,False,True,False,False,False,False,False,False,False,True,True,False,False,True,True
85,True,False,True,False,False,False,True,True,False,True,False,False,True,False,False,False,False,False,False,False,True,False,False,False,False,False,False,False,False,False,False
86,True,False,False,False,False,True,False,True,True,False,False,False,True,False,False,True,False,False,False,False,False,False,False,False,False,False,True,False,False,False,False
87,False,False,False,False,False,False,False,False,False,False,False,False,False,False,False,False,False,False,False,False,True,False,False,False,False,False,False,False,False,False,False
88,True,True,False,False,False,False,False,False,False,False,True,False,False,True,False,False,False,False,False,True,False,False,False,False,True,False,True,False,False,True,False
89,False,False,False,False,False,False,False,False,False,False,False,False,False,False,False,False,False,False,False,False,False,False,False,False,False,True,False,False,True,False,True
90,False,False,False,True,False,False,False,False,True,False,False,False,False,False,False,False,False,False,False,True,False,False,False,False,True,False,True,False,True,True,True
91,False,False,False,False,False,True,False,False,False,True,False,False,False,False,False,False,False,False,False,False,False,False,False,False,True,False,True,False,True,False,True
92,False,False,False,False,False,False,False,False,True,False,False,False,True,False,False,False,False,False,False,False,False,False,False,False,False,False,False,False,False,False,False
93,True,False,True,False,False,True,False,False,True,True,False,False,True,False,False,False,False,False,False,False,False,False,False,False,False,True,False,False,False,True,True
94,False,False,False,False,False,False,False,False,True,False,False,False,True,False,False,False,False,False,False,False,False,False,False,False,False,True,False,False,False,False,False
95,False,False,False,False,False,False,False,False,False,False,True,False,False,False,True,False,False,False,False,True,True,False,False,False,False,True,True,False,True,False,True
96,False,False,False,True,False,False,False,False,False,False,False,False,False,False,False,False,False,False,False,False,False,False,False,False,False,False,False,True,True,True,True
97,True,False,True,True,True,True,True,False,False,False,True,False,False,False,False,False,False,False,False,False,True,False,False,False,False,False,False,False,False,False,False
98,False,False,False,True,False,False,False,False,True,True,False,False,False,False,True,False,False,False,False,True,True,False,False,False,False,False,False,False,False,False,False
99,True,True,True,False,False,False,True,True,True,True,False,False,False,False,True,False,False,False,False,False,False,False,False,False,False,False,True,False,False,False,True
100,False,False,False,False,False,False,False,False,False,False,False,False,False,False,False,False,False,False,False,False,False,False,False,False,True,False,True,False,False,True,True
101,True,False,True,False,False,True,False,False,True,True,True,True,True,True,False,False,False,False,False,True,True,False,False,False,False,True,True,False,False,True,True
102,False,False,False,False,False,False,False,False,True,False,False,False,False,True,False,False,False,False,False,False,False,False,False,False,False,True,True,False,True,True,True
103,True,False,False,False,False,False,False,False,False,False,True,False,False,False,False,False,False,False,False,True,True,False,False,False,False,False,False,False,False,False,False
104,True,True,True,False,False,True,True,True,False,True,True,True,False,False,True,True,False,True,True,True,True,True,False,False,True,False,True,False,False,False,False
105,False,False,False,False,False,True,False,False,False,False,False,False,False,False,False,False,False,False,False,False,False,False,False,False,True,False,True,False,False,False,True
106,True,True,True,False,True,True,False,False,True,True,True,True,True,False,False,False,False,False,False,True,True,False,False,False,False,True,False,False,False,False,False
107,False,False,False,False,False,True,False,False,False,True,False,False,False,True,True,False,False,False,False,False,True,False,False,False,True,False,True,False,True,False,False
108,False,False,False,False,False,True,False,False,False,False,False,False,False,True,False,False,False,True,False,False,False,False,False,False,False,True,True,False,False,True,True
109,False,False,False,True,False,True,False,False,True,True,False,False,False,False,True,False,False,True,False,False,False,False,False,False,False,True,True,False,False,True,False
110,False,False,False,False,False,True,False,False,False,False,False,False,False,True,False,False,False,False,False,True,False,False,False,False,True,True,True,False,False,True,False
111,False,False,False,False,False,False,False,False,False,True,False,False,False,False,False,False,True,True,False,False,False,True,True,False,False,False,False,False,False,False,False
112,False,False,False,False,False,True,False,False,False,False,False,False,False,False,False,False,False,True,False,False,False,False,False,False,False,True,True,False,False,False,True
113,False,False,False,False,False,False,False,False,False,True,False,False,False,False,False,False,False,False,False,False,True,False,False,True,False,False,False,False,True,True,True
114,True,False,True,False,True,False,False,False,False,True,True,True,True,True,True,True,False,False,False,True,True,False,False,False,False,False,True,False,False,False,False
115,True,True,False,False,False,False,False,False,True,False,True,False,False,False,False,False,False,False,False,False,False,False,False,False,False,False,False,False,False,False,False
116,False,False,False,True,False,False,False,False,False,False,False,False,False,False,False,False,False,False,False,True,True,False,False,False,False,True,True,False,False,True,False
117,False,False,False,False,False,False,False,False,False,True,False,False,True,False,False,False,False,False,False,False,False,False,False,False,False,True,False,False,True,False,True
118,False,False,False,False,False,False,False,False,False,True,False,False,False,False,False,False,False,False,False,False,False,False,False,False,True,False,True,True,True,False,True
119,True,True,True,False,True,True,True,False,False,False,True,True,False,False,True,True,False,False,False,False,False,False,False,False,False,False,False,False,False,True,True
120,False,False,False,False,False,False,False,True,False,True,False,False,False,True,False,True,False,False,False,False,False,False,False,False,True,True,True,False,False,True,True
121,False,False,False,False,False,True,False,False,False,False,False,False,False,False,True,False,False,False,False,False,False,False,False,False,False,True,False,True,False,False,True
122,True,True,False,False,False,True,False,False,True,False,True,False,False,False,False,False,False,False,False,True,True,False,False,False,False,True,False,False,False,True,True
123,True,True,True,False,True,False,False,True,False,True,False,True,False,False,True,True,False,False,True,False,False,False,True,False,False,False,False,False,False,False,True
124,True,False,True,False,False,False,False,False,True,False,True,False,False,False,False,False,False,False,False,True,True,False,False,False,False,False,False,False,False,False,True
125,False,False,False,False,False,False,False,False,True,False,False,False,False,False,True,False,False,False,False,False,False,False,False,False,True,True,True,False,True,False,True
126,False,False,False,False,False,False,False,False,False,False,False,False,False,False,False,False,False,False,False,True,False,False,False,False,False,True,False,False,False,False,False
127,False,False,False,False,False,False,False,False,False,False,False,False,False,False,False,False,False,False,False,False,False,False,False,False,False,True,False,False,True,True,True
128,True,True,True,False,False,True,True,True,True,True,False,False,True,False,True,False,False,True,False,False,False,False,False,False,True,False,True,False,False,False,False
129,False,False,False,False,False,False,False,False,False,False,False,False,False,False,True,False,False,False,False,False,False,False,False,False,False,True,False,False,False,True,True
130,False,False,False,False,False,False,False,False,True,True,False,False,False,False,False,False,False,False,False,False,False,False,False,False,False,False,True,False,True,False,True
131,False,False,False,False,False,True,False,False,False,False,False,False,False,False,False,False,False,False,False,False,False,False,False,False,False,True,True,False,False,True,True
132,True,True,False,False,False,True,False,False,False,False,True,False,False,False,False,True,False,True,False,True,True,False,False,False,True,False,True,False,False,False,False
133,True,True,True,True,False,True,True,False,False,False,True,True,False,True,True,False,False,True,False,True,False,False,False,False,True,False,True,False,False,False,False
134,True,False,True,False,False,True,False,False,True,False,True,False,False,True,False,False,False,False,False,False,True,False,False,False,False,True,True,False,False,False,False
135,True,False,False,False,False,True,False,False,True,False,True,False,False,True,False,True,False,False,False,False,True,False,False,False,False,True,True,False,False,False,False
136,False,False,False,True,False,True,False,False,False,False,False,False,True,True,True,False,False,False,False,False,False,False,False,False,False,True,False,False,True,True,True
137,True,False,True,False,False,True,True,True,True,True,False,False,False,False,False,False,False,False,False,False,False,False,False,True,False,False,False,False,False,False,False
138,False,False,False,True,False,True,False,False,False,False,False,False,False,False,True,False,False,False,False,True,False,False,False,False,False,False,True,False,False,False,True
139,True,True,True,True,True,False,True,True,True,True,True,False,False,False,True,False,False,True,False,False,True,False,False,False,False,False,True,False,False,False,False
140,True,True,False,True,False,True,False,False,False,False,True,False,False,False,True,False,False,False,False,False,False,False,False,False,False,False,False,False,False,True,False
141,False,False,False,False,False,True,False,False,False,False,False,False,False,False,False,False,False,False,False,True,False,False,False,False,False,True,True,False,False,False,True
142,False,True,False,False,False,False,False,False,False,True,True,False,False,False,True,False,False,True,False,False,False,False,False,False,False,True,True,False,True,True,True
143,False,False,False,False,False,False,False,False,False,True,False,False,True,True,True,False,False,False,False,False,False,False,False,False,False,True,True,False,True,False,True
144,False,False,False,False,False,False,False,False,False,False,True,False,False,False,False,False,False,False,False,True,True,False,False,False,False,True,False,False,False,False,False
145,False,False,False,False,False,True,False,False,False,False,False,False,False,False,False,True,False,False,False,False,False,False,True,False,False,False,True,False,False,False,True
146,True,True,True,False,True,False,True,True,False,True,False,False,True,False,False,True,False,False,False,False,True,False,False,False,False,False,False,False,False,False,False
147,False,False,False,False,False,True,False,False,False,True,False,False,False,False,True,False,False,False,False,False,False,False,False,False,True,False,True,False,True,False,True
148,True,False,True,False,True,False,False,False,True,False,False,True,False,True,False,False,False,False,False,False,False,False,False,False,False,True,False,False,False,False,True
149,False,False,False,False,False,False,False,False,False,True,False,False,False,False,False,False,False,False,False,True,True,False,False,False,False,True,False,False,True,False,True
150,True,True,False,False,False,True,False,False,True,False,False,False,False,True,False,False,False,False,False,False,False,True,False,False,False,True,True,False,False,False,False
151,True,False,False,False,False,True,False,False,False,False,False,False,False,True,True,True,True,False,False,False,False,False,True,False,False,False,True,False,False,False,False
152,True,False,True,False,True,False,True,True,True,True,True,True,False,False,False,True,False,False,False,True,True,False,False,False,False,False,False,False,False,False,False
153,False,False,False,False,False,False,False,True,False,False,False,False,True,False,False,False,False,False,False,False,False,False,False,False,False,True,False,False,True,False,True
154,True,True,True,True,True,True,False,False,False,False,True,False,False,False,False,False,False,False,False,True,False,False,False,False,False,True,False,False,False,False,False
155,True,False,True,False,False,True,True,True,True,True,False,False,False,False,False,False,False,False,False,False,True,False,False,False,True,False,True,False,False,False,False
156,True,False,False,False,False,False,False,False,False,False,True,True,False,False,False,True,False,False,True,True,False,False,False,False,False,False,False,False,False,False,False
157,False,False,False,False,False,True,False,False,False,False,False,False,False,False,False,False,False,True,False,False,False,False,False,False,True,False,True,False,False,False,False
158,False,False,False,False,False,False,False,False,False,False,False,False,False,True,True,False,False,False,False,True,False,False,False,False,False,True,True,False,False,False,False
159,True,True,True,True,False,True,False,False,False,False,True,True,True,False,False,False,False,False,False,True,False,False,False,False,False,True,False,False,False,False,False
160,False,False,False,False,False,False,False,False,False,True,False,False,False,False,False,False,False,False,False,True,False,False,False,False,True,False,True,False,True,False,True
161,False,True,False,True,False,True,False,False,False,False,False,False,False,False,True,False,False,False,False,True,False,False,False,False,False,False,False,False,False,False,False
162,False,False,False,False,False,False,False,False,False,False,False,False,False,False,False,True,False,False,True,False,False,False,True,False,False,False,False,False,False,False,True
163,False,False,False,False,False,False,False,False,True,True,False,False,True,True,False,False,False,False,False,True,True,False,False,False,True,False,True,False,True,False,False
164,False,False,False,False,False,True,False,False,False,False,False,False,False,False,False,False,False,False,False,False,False,False,False,False,False,True,False,True,False,False,True
165,True,True,True,False,False,True,True,True,True,True,True,True,True,False,True,True,False,True,False,False,True,False,False,False,True,False,True,False,False,False,False
166,True,True,False,False,False,True,True,False,True,True,False,False,False,False,True,False,False,False,False,True,True,False,False,False,False,False,False,False,False,False,True
167,True,True,False,True,False,False,False,False,False,False,False,False,False,True,True,True,False,True,True,False,False,True,False,False,False,False,True,False,False,False,False
168,True,False,False,False,False,True,False,False,True,True,True,False,False,False,True,False,False,False,False,False,True,False,False,False,True,False,True,False,False,False,False
169,False,True,False,True,False,False,False,False,False,False,False,False,False,False,True,False,False,False,False,False,False,False,False,False,True,False,True,False,False,False,False
170,True,False,True,False,False,True,True,True,False,True,False,True,True,False,False,True,False,False,False,False,False,False,False,False,False,False,True,False,False,False,False
171,False,False,False,False,False,False,False,False,False,False,False,False,False,False,True,False,False,False,False,True,False,False,False,True,False,False,False,False,False,False,False
172,False,False,False,False,False,True,False,False,False,False,False,False,False,False,False,False,False,False,False,True,True,False,False,False,False,True,True,False,True,False,True
173,True,True,True,False,False,True,False,False,False,False,False,True,False,False,True,False,False,False,True,True,False,False,True,False,False,False,False,False,False,False,False
174,False,False,False,False,False,False,False,False,False,False,False,False,False,False,False,False,False,False,False,False,False,False,False,False,False,False,False,False,False,False,False
175,False,False,False,False,False,True,False,False,False,False,False,False,False,False,False,False,False,False,False,False,False,False,False,False,False,False,True,False,False,False,True
176,False,False,False,False,False,False,False,False,False,False,False,False,False,False,False,False,False,False,False,True,True,False,False,False,True,False,True,False,True,True,True
177,False,False,False,False,False,False,False,False,False,False,False,False,False,False,False,False,False,True,False,True,False,False,False,False,False,True,True,False,True,True,True
178,False,False,False,False,False,False,False,False,False,False,False,False,False,False,True,False,False,False,False,False,True,False,False,False,True,True,True,False,True,False,True
179,True,True,False,True,False,False,False,False,False,False,False,False,False,False,True,True,False,True,False,False,False,True,False,False,True,False,True,False,False,False,False
180,False,False,False,False,False,False,False,False,False,False,False,False,False,False,False,False,False,False,False,False,False,False,False,False,False,False,False,False,False,False,False
181,True,True,True,False,False,True,True,False,False,False,True,True,False,True,True,True,False,False,False,True,False,False,False,False,True,False,True,False,False,False,True
182,False,False,False,False,False,True,False,False,True,True,False,False,False,False,False,False,False,False,False,False,False,False,False,False,True,False,True,False,True,True,True
183,False,False,False,False,False,True,False,False,False,False,False,False,False,False,True,False,False,False,False,False,False,False,False,False,False,True,True,False,False,True,False
184,False,False,False,False,False,True,False,False,False,True,False,False,False,False,True,False,False,True,False,False,False,False,False,False,False,True,True,False,True,True,True
185,True,False,True,False,True,False,False,True,False,True,True,True,False,False,False,True,False,False,False,True,True,False,False,False,False,False,False,False,False,False,False
186,False,False,False,False,False,False,False,False,True,True,False,False,False,False,False,False,False,False,False,False,False,False,False,False,True,False,True,False,False,False,False
187,True,False,True,True,False,True,True,False,False,False,True,False,True,True,True,False,False,True,False,True,False,True,False,False,False,False,True,False,False,True,False
188,False,False,False,False,False,True,True,False,False,False,True,False,False,True,False,False,False,False,False,False,False,False,False,False,True,False,True,False,False,False,False
189,False,False,False,True,False,False,False,False,True,False,False,False,False,False,True,True,False,False,True,True,True,False,True,False,False,False,False,False,True,True,True
190,True,True,True,False,True,True,False,False,True,False,True,True,True,False,False,True,False,False,False,True,False,False,False,False,False,True,True,False,False,False,False
191,False,False,False,False,False,True,False,False,True,False,False,False,False,True,False,False,False,False,False,False,False,False,False,False,True,False,True,False,True,True,True
192,False,False,False,False,False,False,False,False,False,False,False,False,True,False,True,False,False,False,False,False,False,False,False,True,True,False,True,False,False,False,False
193,False,False,False,False,False,True,False,False,False,False,False,False,False,True,False,True,False,True,True,False,False,False,True,False,False,False,True,False,False,False,False
194,True,True,False,True,False,True,False,False,True,False,True,False,False,False,False,False,False,False,False,True,True,False,False,False,False,True,False,False,False,True,True
195,True,False,False,False,False,True,False,False,False,False,True,True,False,False,False,True,False,False,False,True,True,False,False,True,True,False,True,False,False,False,False
196,True,False,False,False,False,True,False,False,False,False,True,False,False,True,False,False,False,False,False,False,False,False,False,False,False,False,False,False,False,False,False
197,True,True,False,True,False,True,False,False,False,False,True,False,False,True,True,False,False,True,False,False,False,False,False,False,False,True,True,False,False,True,False
198,False,False,False,False,False,True,False,False,False,False,False,False,False,False,True,False,False,True,False,False,False,False,False,False,False,True,True,False,False,True,True
199,False,False,False,False,False,False,False,False,False,False,False,False,False,False,True,False,True,False,False,False,False,False,True,False,False,True,True,False,False,False,True
200,True,True,True,False,True,True,False,False,False,False,True,True,False,True,False,False,False,False,False,False,False,False,False,False,False,True,False,False,False,False,False
201,False,False,False,True,False,False,False,False,False,False,False,False,False,False,False,False,False,False,False,False,False,False,False,False,False,True,True,True,True,False,False
202,False,False,False,False,False,False,False,False,False,False,False,False,False,True,False,False,False,False,False,False,False,False,False,False,False,True,True,False,True,True,False
203,False,False,False,False,False,True,False,False,False,False,False,False,False,False,False,False,False,False,False,True,False,False,False,False,False,True,True,False,False,True,True
204,True,True,True,False,False,True,False,False,False,False,False,False,False,False,False,False,False,False,False,False,False,False,False,False,False,True,True,False,False,True,False
205,True,True,True,False,False,False,False,False,False,False,True,True,True,True,False,True,False,False,False,True,False,False,False,False,False,False,True,False,False,False,False
206,False,False,False,False,False,False,False,False,True,False,False,False,False,False,True,False,False,False,False,False,False,False,False,False,False,True,True,False,True,True,True
207,True,False,True,True,False,False,True,True,False,True,False,False,True,False,False,False,False,False,False,False,False,False,False,False,True,False,True,False,False,False,False
208,True,False,True,False,True,False,False,False,False,False,True,False,False,False,False,False,False,False,False,False,True,False,False,False,False,True,False,False,False,False,False
209,False,False,False,False,False,False,False,False,False,True,False,False,False,False,False,False,False,True,False,False,True,False,False,False,False,True,True,False,True,False,True
210,True,True,True,False,False,False,True,True,True,True,False,False,False,False,False,False,False,False,False,True,True,False,False,False,False,False,False,False,False,False,False
211,True,False,False,False,False,True,True,False,True,False,False,False,False,False,False,False,False,False,False,False,True,True,False,False,False,False,False,False,False,False,False
212,False,False,False,True,False,True,False,False,False,False,False,False,False,False,False,False,False,False,False,False,True,False,False,False,False,False,False,False,False,False,True
213,False,False,False,False,False,True,False,False,True,False,True,False,False,True,True,False,False,False,False,False,False,False,False,False,False,True,True,False,False,False,False
214,True,True,True,True,True,True,False,False,False,True,False,False,False,False,False,False,False,False,False,False,False,False,False,False,False,False,False,False,False,False,False
215,False,False,False,False,False,False,False,False,False,False,False,False,False,False,False,False,False,False,False,False,False,False,False,False,False,False,False,False,False,False,False
216,False,False,False,False,False,True,False,False,False,False,False,False,False,False,False,False,False,False,False,False,False,False,False,False,False,True,False,False,False,True,True
217,False,False,False,True,False,False,False,False,True,True,False,False,False,False,False,False,False,True,False,False,False,False,False,False,False,True,False,False,True,False,True
218,True,False,True,False,True,True,True,False,False,False,True,True,False,False,False,True,False,False,False,True,False,True,False,False,False,False,False,False,False,False,False
219,False,False,False,False,False,True,False,False,True,False,False,False,False,False,True,False,False,False,False,False,False,False,False,False,False,True,False,False,True,True,True
220,False,False,False,False,False,True,False,True,False,True,False,False,False,False,False,False,False,False,False,False,False,False,False,False,False,False,False,False,False,False,False
221,False,False,False,False,False,False,False,False,False,False,False,False,False,False,False,False,False,False,False,False,True,False,False,False,True,False,True,False,True,True,True
222,True,True,True,False,True,True,True,True,True,True,True,False,False,True,True,False,False,True,False,True,True,False,False,False,True,False,True,False,False,False,False
223,False,False,False,False,False,False,False,False,False,False,False,False,False,True,False,False,False,False,False,False,True,False,False,False,True,False,True,False,False,False,False
224,False,False,False,False,False,False,False,False,False,False,False,False,False,False,False,False,False,False,False,False,True,False,False,False,False,True,True,False,True,True,False
225,False,False,False,False,False,True,False,False,False,False,True,False,False,False,True,False,False,False,False,False,False,False,False,False,False,True,False,False,False,False,False
226,True,False,True,False,True,False,True,True,False,True,True,False,False,False,False,False,False,False,False,False,True,False,False,False,True,False,True,False,False,False,False
227,False,False,False,False,False,False,True,True,False,True,False,False,False,False,True,False,False,False,False,True,True,False,False,False,True,False,True,False,True,True,True
228,True,False,True,False,False,True,True,True,True,True,False,False,True,False,True,False,False,False,False,False,False,False,False,False,True,False,True,False,False,False,False
229,False,False,False,False,False,True,False,False,False,False,False,False,False,True,False,False,False,False,False,True,False,False,False,False,False,True,True,False,False,False,True
230,True,True,True,False,False,True,True,False,False,True,True,False,False,False,False,False,False,False,False,False,False,True,False,False,False,False,False,False,False,False,False
231,False,False,False,False,False,False,False,False,False,False,False,False,False,True,False,False,False,False,False,False,False,False,False,False,False,True,True,False,False,True,False
232,False,True,False,True,False,False,False,False,False,False,False,False,False,False,False,False,False,False,False,True,False,True,False,False,False,False,False,False,False,False,False
233,True,True,True,True,True,True,True,False,False,False,True,True,False,True,True,True,False,True,True,True,False,False,False,False,False,False,True,False,False,True,False
234,False,False,False,False,False,True,False,False,False,False,False,False,False,True,False,False,False,False,False,True,True,False,False,False,False,False,True,False,False,False,False
235,False,False,False,False,False,True,False,False,False,False,False,False,False,True,True,False,False,False,False,True,False,False,False,False,False,True,False,False,False,False,False
236,True,False,True,False,False,False,True,True,False,True,True,True,False,False,False,True,False,False,False,True,True,False,False,False,False,False,False,False,False,False,False
237,False,False,False,False,False,False,False,False,False,True,False,False,False,True,True,False,False,False,False,False,False,False,False,False,True,False,True,False,True,False,False
238,True,False,True,False,False,True,False,False,False,True,False,False,False,False,False,False,False,False,False,False,False,False,False,False,False,False,False,False,False,False,False
239,True,True,True,False,False,True,True,False,False,False,True,True,False,False,False,True,False,False,False,True,False,False,False,False,False,False,False,False,False,False,False
240,False,False,False,True,False,True,False,False,False,False,False,False,False,False,True,False,False,True,False,True,False,False,False,False,True,False,True,False,False,False,False
241,True,False,False,True,False,True,False,False,False,True,True,False,False,False,True,False,False,False,False,False,True,False,False,False,False,False,False,False,False,False,False
242,True,True,False,False,False,True,False,False,False,False,True,False,False,True,False,False,False,False,False,True,False,False,False,False,False,False,False,False,False,False,False
243,False,False,False,False,False,True,False,False,False,False,False,False,False,False,False,False,False,False,False,False,False,False,False,False,False,True,True,False,False,True,True
244,False,False,False,False,False,True,False,False,False,False,False,False,False,False,False,False,False,False,False,False,False,False,False,False,False,False,False,False,False,False,True
245,True,True,False,False,False,True,False,False,False,False,True,False,False,True,True,True,False,False,True,False,False,False,True,False,False,False,False,False,False,True,False
246,False,False,False,False,False,True,False,False,False,False,False,False,False,False,True,False,False,False,False,True,False,False,False,False,True,False,True,False,False,False,False
247,True,True,True,False,True,True,False,False,False,False,True,False,False,True,True,False,False,False,False,False,False,False,False,False,True,False,True,False,False,False,False
248,True,True,False,True,False,False,False,False,True,False,True,False,False,False,True,True,False,False,False,True,True,False,False,True,True,False,True,False,False,False,False
249,False,False,False,False,False,False,False,False,False,True,False,False,False,False,False,False,False,False,False,False,True,False,False,True,False,True,False,False,False,True,False
250,True,False,True,False,False,True,False,False,False,False,True,False,False,False,False,False,False,True,False,True,False,True,False,False,False,True,False,False,False,False,False
251,True,True,False,False,False,False,False,False,True,False,False,False,False,False,False,False,False,False,False,False,False,False,False,False,False,False,False,False,False,False,False
252,False,False,False,False,False,False,False,False,False,True,False,False,True,False,False,False,False,False,False,False,False,False,False,False,False,False,False,True,False,False,True
253,False,False,False,False,False,True,False,False,True,True,False,False,False,False,True,False,False,False,False,False,True,False,False,False,False,False,True,False,True,True,True
254,True,True,False,True,False,False,False,False,True,False,False,False,False,False,False,False,False,False,False,False,True,False,False,False,False,False,False,False,False,False,False
255,False,False,False,False,False,False,False,False,False,True,False,False,False,False,False,False,False,False,False,True,True,False,False,False,False,True,False,False,False,False,False
256,True,False,True,False,False,False,False,False,True,True,False,True,False,False,False,True,False,False,True,False,False,True,False,False,False,False,False,False,False,False,False
257,False,False,False,False,False,False,False,False,False,True,False,False,False,False,False,True,False,False,False,False,False,False,False,False,False,False,False,False,False,False,False
258,False,False,False,False,False,False,False,False,False,True,False,False,False,False,False,False,False,False,False,False,False,False,False,False,False,True,True,False,True,True,True
259,True,False,True,False,True,True,False,True,True,True,True,False,False,False,False,False,False,False,False,True,True,False,False,False,False,False,False,False,False,False,True
260,False,False,False,True,False,True,False,False,False,False,False,False,False,False,True,False,False,True,False,True,False,True,False,False,False,False,True,False,False,False,True
261,True,False,True,False,True,False,False,False,False,True,False,True,False,False,True,True,False,False,True,False,False,True,False,False,False,False,True,False,False,False,False
262,False,False,False,False,False,True,False,False,False,False,False,False,False,True,True,False,False,False,False,True,False,False,False,False,False,True,True,False,False,False,True
263,False,True,False,True,False,False,False,False,False,True,False,False,False,False,False,False,False,True,False,False,False,False,False,False,False,False,False,False,False,False,False
264,False,False,False,False,False,True,False,False,False,False,False,False,False,False,False,False,False,False,False,True,False,False,False,False,True,False,True,False,False,True,True
265,True,True,True,True,False,True,False,False,True,True,True,False,False,True,True,False,False,False,False,False,True,False,False,True,False,True,False,False,False,False,True
266,True,True,False,False,False,False,False,False,True,False,False,False,False,True,True,True,False,False,False,False,False,False,False,False,True,False,True,False,False,False,False
267,False,False,False,True,False,True,False,False,False,False,False,False,False,True,False,False,False,True,False,False,False,False,False,False,False,True,False,False,False,False,False
268,False,True,False,False,False,False,False,False,False,True,False,False,False,False,True,True,False,True,True,False,False,False,False,False,False,False,True,False,True,False,True
269,True,False,True,False,True,True,True,False,False,False,True,True,False,False,False,True,False,False,False,False,False,False,False,False,True,False,True,False,False,False,False
270,False,False,False,False,False,True,False,False,False,False,False,False,False,False,True,False,False,False,False,False,False,False,False,False,False,True,False,False,False,False,False
271,False,False,False,False,False,False,False,False,True,False,False,False,False,False,True,False,False,False,False,False,False,False,False,False,True,False,True,False,False,False,False
272,False,False,False,False,False,False,False,False,False,False,False,False,False,False,False,False,False,False,False,True,False,False,False,False,False,True,False,False,False,False,False
273,True,True,False,False,False,False,False,False,True,False,True,True,False,True,False,False,False,False,False,False,True,True,False,False,False,True,True,False,False,False,False
274,False,False,False,False,False,True,False,False,False,False,False,False,False,False,False,False,False,False,False,False,False,False,False,False,False,False,True,False,False,True,False
275,True,True,True,True,False,True,True,True,False,True,True,True,True,False,False,True,False,False,False,False,True,False,False,False,False,False,False,False,False,False,True
276,False,False,False,False,False,False,False,False,True,False,False,False,False,False,False,False,False,True,False,True,True,False,False,False,False,True,True,False,True,True,True
277,True,True,True,False,False,False,True,True,False,False,True,False,False,True,True,False,False,False,False,True,False,False,False,False,True,False,True,False,False,False,False
278,True,False,True,False,False,False,False,False,False,True,True,True,False,False,False,True,False,False,False,False,True,False,False,True,False,False,False,False,False,False,False
279,False,False,False,False,False,False,False,False,False,False,False,False,True,False,False,False,False,False,False,False,False,False,False,True,False,False,False,False,False,False,False
280,False,False,False,False,False,True,False,False,False,False,False,False,False,False,True,True,False,True,False,False,False,False,False,True,False,True,True,False,False,True,True
281,False,False,False,True,False,False,False,False,False,False,False,False,False,False,False,False,False,False,False,False,False,False,False,False,False,False,False,False,False,False,False
282,False,False,False,False,False,True,False,False,False,False,False,False,False,False,False,False,False,False,False,False,False,False,False,False,False,False,False,False,False,False,False
283,False,False,False,False,False,False,False,False,False,False,False,False,False,False,False,False,False,False,False,False,False,False,False,False,False,True,False,False,True,False,True
284,False,False,False,False,False,False,False,False,False,True,False,False,False,False,True,False,False,False,False,True,True,False,False,False,True,True,True,True,True,True,True
285,True,True,True,True,False,False,False,False,False,True,False,False,False,False,False,False,False,False,False,False,False,False,False,False,False,False,False,False,False,False,False
286,False,True,False,False,False,False,False,True,False,True,False,False,False,False,False,False,False,False,False,False,False,False,False,False,False,False,True,False,True,False,True
287,False,True,False,True,False,True,False,False,False,False,True,False,False,False,True,False,False,False,False,False,False,False,False,False,False,False,False,False,False,False,False
288,True,False,False,False,False,True,False,False,False,False,False,False,True,False,False,True,False,True,False,False,False,False,False,False,False,False,True,False,False,False,False
289,False,False,False,False,False,False,False,False,False,False,False,False,False,False,False,False,False,False,False,False,True,False,False,False,False,True,True,False,True,False,True
290,True,False,False,False,False,False,False,False,True,False,True,False,False,False,False,True,False,False,False,False,True,False,False,False,False,True,False,False,False,False,False
291,True,True,True,True,False,True,True,True,True,True,True,True,True,False,True,True,False,False,False,True,True,False,False,False,True,False,True,False,False,True,False
292,True,False,False,False,False,False,False,False,False,False,False,False,False,True,False,False,False,False,False,False,False,False,False,False,False,True,True,False,False,True,False
293,False,False,False,True,False,False,False,False,False,False,True,False,False,False,True,True,False,False,False,False,False,False,False,False,False,False,False,False,False,False,False
294,False,False,False,False,False,False,False,False,True,False,False,False,False,False,False,False,False,False,False,False,False,False,False,False,False,True,False,False,True,False,True
295,False,False,False,False,False,True,False,False,False,False,False,False,False,False,True,False,False,False,False,True,False,False,False,False,False,True,True,False,False,True,True
296,False,False,False,False,False,False,False,False,False,False,False,False,False,False,True,False,False,False,False,False,False,False,False,False,True,False,True,False,False,False,False
297,True,False,True,True,True,False,True,True,True,True,True,False,False,False,True,False,False,False,False,True,True,False,False,False,False,False,False,False,False,False,False
298,False,False,False,False,False,False,False,False,False,False,False,False,False,False,True,False,False,False,False,True,True,True,False,False,False,True,True,False,True,False,True
299,True,True,True,False,False,True,True,True,True,True,True,False,True,False,False,True,False,False,False,False,True,False,False,True,True,False,True,False,False,False,False
300,False,False,False,False,False,True,False,False,True,False,False,False,False,True,False,False,False,False,False,False,False,False,False,False,False,False,False,False,False,False,False
301,True,True,True,False,True,True,False,False,False,False,True,False,True,False,True,False,False,False,False,True,False,False,False,False,False,True,False,False,False,False,True
302,True,True,False,False,False,False,False,True,True,False,False,False,False,False,False,False,False,False,False,False,False,False,False,False,False,True,False,False,False,False,False
303,False,False,False,False,False,True,False,False,False,False,False,False,False,True,True,False,False,False,False,True,False,False,False,False,True,False,True,False,False,False,True
304,True,True,True,False,False,False,True,True,True,True,False,False,False,False,True,False,False,True,False,False,False,False,False,False,False,False,True,False,False,False,False
305,False,True,False,True,False,True,False,True,False,False,False,False,False,True,True,False,False,False,False,False,False,False,False,False,False,True,True,False,False,False,False
306,False,False,False,False,False,True,False,False,False,False,False,False,False,False,False,False,False,False,False,False,False,False,False,False,False,True,False,False,False,False,False
307,True,False,False,False,False,True,False,False,False,True,True,False,False,False,True,True,False,False,False,True,True,False,False,False,True,False,True,False,False,True,False
308,True,True,True,True,False,True,True,False,False,False,False,False,False,False,True,False,False,True,False,False,False,True,False,False,False,False,False,False,False,False,False
309,False,False,False,False,False,True,False,False,False,False,False,False,False,True,False,False,False,True,False,True,False,False,False,False,False,True,True,False,False,False,False
310,True,False,False,False,False,False,False,False,True,False,True,False,False,True,False,True,False,False,False,True,True,False,False,False,True,False,True,False,False,False,False
311,True,True,False,True,False,True,False,False,False,False,True,False,False,True,True,False,False,True,False,False,False,True,False,False,False,True,True,False,False,False,False
312,False,False,False,False,False,False,False,False,False,True,False,False,False,False,False,False,False,False,False,False,True,False,False,False,False,True,True,False,True,False,True
313,True,True,False,True,False,True,False,False,False,False,False,False,False,True,True,True,False,False,True,False,False,False,True,False,False,False,True,False,False,False,False
314,False,False,False,False,False,False,False,True,False,False,False,False,False,False,False,False,False,False,False,False,False,False,False,False,True,False,True,False,True,True,True
315,True,False,True,False,True,True,False,False,False,True,False,False,True,False,True,False,False,False,False,False,False,False,False,False,False,True,False,False,False,False,False
316,False,False,False,False,False,False,False,False,False,True,False,False,False,False,True,False,False,False,False,True,True,False,False,False,False,True,True,False,True,False,True
317,False,False,False,False,False,False,False,False,False,False,False,False,False,False,False,False,False,False,False,False,False,False,False,False,False,True,True,False,False,True,True
318,False,False,False,False,False,False,False,False,False,True,False,False,False,False,False,False,False,False,False,False,False,False,False,False,False,False,False,False,True,True,True
319,False,False,False,False,False,False,False,False,False,False,True,False,False,False,True,False,False,False,False,True,False,False,False,False,False,True,True,False,True,False,True
320,True,True,False,False,False,False,True,False,True,False,False,False,False,False,False,False,False,False,False,False,False,False,False,False,False,False,False,False,False,False,False
321,True,True,True,True,True,True,True,False,False,False,False,True,False,False,True,True,False,True,True,False,False,True,False,False,True,False,True,False,False,False,False
322,True,False,False,False,False,False,True,False,True,False,True,False,False,False,False,False,False,False,False,True,True,False,False,False,True,False,True,False,False,False,False
323,False,True,False,False,False,False,False,False,False,False,False,False,False,False,True,False,False,False,False,False,False,False,False,False,False,False,True,False,False,True,True
324,True,False,True,False,False,False,True,False,False,False,True,False,False,False,False,False,False,False,False,True,False,False,False,False,False,False,False,False,False,True,False
325,False,True,False,False,False,False,False,False,True,False,True,False,False,False,True,False,False,True,False,True,True,False,False,False,False,False,False,False,False,False,False
326,False,False,False,False,False,False,False,False,False,False,False,False,False,False,False,True,False,False,False,False,False,False,False,False,False,False,False,False,True,False,True
327,False,False,False,False,False,False,False,False,False,False,False,False,False,False,False,False,False,False,False,False,False,True,False,False,False,True,False,False,True,True,True
328,True,True,False,False,False,True,False,False,True,False,False,False,False,False,False,False,False,False,False,False,False,False,False,False,False,False,False,False,False,False,False
329,False,False,False,False,False,False,False,False,True,True,False,False,False,False,False,False,False,False,False,True,True,False,False,False,False,False,True,False,False,False,False
330,True,False,False,False,False,True,False,False,True,False,True,False,False,True,False,False,False,False,False,True,True,False,False,False,True,False,True,False,False,False,False
331,True,False,True,False,False,True,False,False,False,False,False,True,True,True,True,True,True,False,False,False,False,False,True,False,False,False,True,False,False,False,False
332,True,False,False,False,False,True,False,False,True,True,False,False,False,True,True,False,False,False,False,False,False,False,False,False,False,True,True,False,False,False,False
333,True,True,True,True,False,True,True,True,False,True,False,False,False,False,False,False,False,False,False,True,True,False,False,False,True,False,True,False,False,False,False
334,False,False,False,False,False,False,False,False,False,False,False,False,True,False,False,False,False,False,False,False,False,False,False,False,True,False,True,False,False,False,False
335,False,False,False,False,False,False,False,False,True,True,False,False,False,False,False,False,False,False,False,False,True,False,False,False,True,False,True,False,True,True,True
336,False,True,False,True,False,False,False,False,False,False,False,False,False,False,True,False,False,False,False,True,False,False,False,False,False,True,False,False,False,False,False
337,False,False,False,False,False,False,False,False,False,False,False,False,False,True,False,True,False,False,False,False,False,False,False,False,False,False,True,False,False,True,True
338,False,False,False,False,False,False,False,False,False,False,False,False,False,False,False,False,False,True,False,False,False,False,False,False,True,False,True,False,True,False,True
339,False,False,False,False,False,True,False,False,False,True,False,False,False,True,False,False,False,False,False,False,True,False,False,False,False,False,True,False,True,False,True
340,True,False,True,False,True,True,True,True,True,True,True,True,True,False,True,True,False,False,False,True,True,False,False,False,False,False,False,False,False,False,False
341,False,True,False,True,False,True,False,False,False,False,False,False,False,False,False,True,False,False,True,True,False,False,True,False,False,False,False,False,False,False,True
342,True,True,True,False,False,True,False,False,False,True,True,False,False,False,False,False,False,False,False,False,True,False,False,False,False,False,False,False,False,False,False
343,True,False,True,False,True,False,False,True,True,True,True,False,False,False,False,False,False,False,False,True,True,False,False,False,False,False,False,False,False,False,False
344,True,False,True,False,False,True,True,True,True,True,True,False,False,True,False,False,False,False,False,False,True,False,False,False,True,False,True,False,False,False,False
345,False,False,False,False,False,False,False,False,False,True,False,False,False,False,False,False,False,False,False,False,False,False,False,False,True,False,True,False,True,True,True
346,True,True,True,False,True,True,True,False,False,False,True,False,True,True,True,False,False,False,False,True,False,False,False,False,True,False,True,False,False,False,True
347,False,False,False,True,False,True,False,False,False,True,False,False,False,False,True,False,False,False,False,True,True,True,False,False,False,True,False,False,True,True,True
348,True,False,True,False,True,False,True,False,False,True,True,True,False,False,False,True,False,False,False,True,True,False,False,False,False,False,False,False,False,False,False
349,True,True,True,True,False,True,False,True,False,False,True,True,False,False,False,False,False,False,False,True,False,False,False,False,False,True,False,False,False,False,False
350,True,True,False,False,False,True,False,False,False,False,True,False,False,False,True,False,False,False,False,True,False,False,False,False,True,False,True,False,False,False,False
351,True,False,True,False,True,False,True,True,True,True,False,True,True,False,False,True,False,False,False,False,True,False,False,False,True,False,True,False,False,False,True
352,True,True,False,False,False,True,False,False,True,False,False,False,False,True,True,False,False,True,False,False,False,True,False,False,False,True,True,False,False,True,False
353,True,True,False,True,False,False,False,False,True,True,False,False,False,False,False,False,False,False,False,False,False,False,False,False,False,False,False,False,False,False,False
354,True,True,False,False,False,True,False,False,False,False,True,False,False,False,False,False,False,False,False,False,False,False,False,False,False,False,False,False,False,False,False
355,True,True,True,False,True,True,True,False,False,False,True,False,False,False,False,True,False,False,False,False,False,False,False,False,False,False,True,False,False,False,False
356,False,False,False,False,False,False,True,False,False,False,False,False,False,False,False,False,True,False,False,False,False,False,True,False,True,False,True,False,False,False,False
357,True,True,True,False,False,True,False,False,False,False,True,True,False,False,False,False,False,False,False,False,False,False,False,False,False,True,False,False,False,False,False
358,False,False,False,False,False,True,False,False,False,False,False,False,False,False,False,False,False,False,False,True,True,False,False,False,True,False,True,False,True,True,True
359,True,False,True,False,False,False,False,False,True,True,False,False,False,False,False,False,False,False,False,False,False,False,False,False,False,False,False,False,True,False,False
360,False,False,False,False,False,True,False,False,False,False,False,False,False,False,True,False,False,False,False,False,False,False,False,True,False,True,True,True,False,False,True
361,False,False,False,False,False,False,False,False,False,False,False,False,False,True,True,False,False,False,False,False,True,False,False,False,False,True,True,False,False,True,False
362,False,False,False,False,False,True,False,False,False,False,False,False,False,False,False,False,False,False,False,False,False,False,False,False,False,True,True,False,False,True,True
363,False,False,False,False,False,False,False,False,False,False,False,False,False,False,True,False,False,False,False,True,False,False,False,False,True,False,True,False,False,False,False
364,False,False,False,False,False,False,False,False,False,True,False,False,False,False,False,False,False,False,False,False,False,True,False,False,False,False,True,False,False,True,False
365,False,False,False,False,False,False,False,False,False,False,False,False,False,False,True,False,False,False,False,False,False,False,False,False,False,True,True,False,True,True,True
366,True,True,True,False,True,False,False,False,False,True,True,False,True,False,False,False,False,False,False,False,True,False,False,False,False,True,True,False,False,True,False
367,False,False,False,False,False,False,False,False,False,False,False,False,False,False,False,False,False,False,False,False,False,False,False,False,False,True,True,True,True,True,True
368,True,True,True,True,False,True,True,False,False,False,True,True,False,False,True,False,False,False,False,True,False,False,False,False,True,False,True,False,False,False,True
369,False,False,False,True,False,False,False,False,False,True,False,False,False,False,False,False,False,False,False,False,False,False,False,False,True,False,True,False,True,True,False
370,True,True,True,False,True,False,False,False,True,False,False,False,False,False,False,False,False,False,False,False,False,False,False,False,False,True,False,False,False,False,False
371,True,True,True,True,True,True,True,True,False,True,True,False,True,True,True,False,False,False,False,True,True,False,False,False,False,False,True,False,False,False,False
372,False,False,False,False,False,True,False,False,False,False,False,False,False,False,False,False,False,False,False,True,False,False,False,False,False,False,False,False,False,False,True
373,True,True,True,True,False,True,True,True,True,True,False,True,True,False,True,True,False,False,False,False,True,False,False,False,False,False,False,False,False,False,False
374,True,True,False,False,False,True,True,False,False,False,True,False,False,False,False,False,False,False,False,True,False,False,False,False,False,False,False,False,False,False,False
375,True,True,True,False,False,False,False,False,True,False,False,False,True,False,False,False,False,False,False,False,False,False,False,False,False,True,False,False,False,False,False
376,True,True,False,False,False,True,False,False,False,False,False,False,False,False,True,False,False,False,False,True,False,False,True,False,False,False,False,False,False,False,True
377,True,True,False,True,False,True,False,False,False,False,True,False,False,False,True,True,False,False,False,True,True,False,False,False,True,False,True,False,False,False,False
378,False,False,False,True,False,False,False,False,False,True,False,False,False,False,False,False,False,False,False,False,False,False,False,False,False,False,False,False,True,False,True
379,False,False,False,False,False,False,False,False,False,False,False,False,False,True,False,False,False,True,False,False,False,True,False,False,False,True,True,False,False,True,True
380,False,True,False,True,False,True,False,False,False,False,False,False,False,True,False,False,False,False,False,True,False,False,False,False,False,False,False,False,False,False,False
381,True,True,True,False,False,True,False,False,True,True,True,True,False,True,False,True,False,False,True,True,True,False,False,False,False,False,True,False,False,False,True
382,False,False,False,False,False,True,False,False,False,False,False,False,False,True,False,True,False,False,True,False,False,False,True,False,False,False,True,False,False,False,False
383,True,False,True,False,False,True,True,True,True,True,True,False,True,False,False,False,False,False,False,True,True,True,False,False,False,False,False,False,False,False,False
384,True,False,True,False,True,False,False,False,True,True,False,True,False,True,False,True,False,False,True,False,False,False,False,False,False,False,False,False,False,False,False
385,False,False,False,False,False,True,False,False,False,False,False,False,False,True,False,False,False,False,False,False,False,False,False,False,True,False,True,False,False,False,False
386,False,False,False,False,False,False,False,False,True,False,True,False,False,True,False,False,False,False,False,True,True,False,False,True,True,False,True,False,False,False,False
387,True,False,False,False,False,True,False,False,False,False,False,False,False,False,False,False,False,False,False,False,False,False,False,False,True,False,True,False,False,False,False
388,True,False,True,False,True,False,False,False,True,True,True,False,False,False,False,False,False,False,False,False,True,False,False,False,False,False,False,False,False,False,False
389,False,False,False,True,False,False,False,False,False,True,False,False,False,False,True,False,False,False,False,False,False,False,False,False,False,False,False,False,False,False,False
390,True,False,False,False,False,True,False,False,False,False,False,False,True,False,False,False,False,False,False,False,False,False,False,False,False,True,False,False,False,False,False
391,False,False,False,False,False,False,False,False,False,False,False,False,False,False,False,False,False,False,False,False,True,False,False,False,True,False,True,True,True,False,True
392,False,False,False,False,False,False,False,False,False,False,False,False,False,True,True,False,False,False,False,True,True,False,False,False,False,True,True,False,False,True,False
393,False,False,False,False,False,True,False,False,False,False,False,False,False,False,False,False,False,False,False,False,False,False,False,False,True,False,False,False,False,True,True
394,False,False,False,True,False,False,False,False,False,True,False,False,False,False,True,False,False,True,False,True,True,True,False,False,False,True,True,False,True,True,True
395,False,False,False,False,False,False,False,False,False,False,False,False,False,False,True,False,False,False,False,False,False,False,False,False,False,False,True,False,True,False,True
396,False,False,False,False,False,True,False,False,False,False,False,False,False,False,False,False,False,False,False,True,False,False,False,False,False,True,True,False,False,False,True
397,False,False,False,False,False,False,False,False,False,False,False,False,False,False,False,False,False,False,False,False,False,False,False,False,False,True,True,False,True,False,True
398,False,False,False,False,False,True,False,False,False,False,False,False,False,False,True,False,False,False,False,True,False,False,False,False,False,True,True,False,False,False,True
399,True,True,False,False,False,True,False,False,True,False,True,False,False,True,False,False,False,True,False,True,True,False,False,False,True,False,True,False,False,False,False
400,False,False,False,False,False,False,False,False,False,True,False,False,False,True,False,False,False,False,False,False,False,False,False,False,False,True,False,False,True,False,False
401,False,False,False,False,False,True,False,False,False,False,False,False,False,False,False,False,False,False,False,False,True,False,False,False,False,False,False,False,False,False,False
402,True,True,True,False,False,True,False,False,False,False,True,True,False,True,True,True,False,False,True,False,False,False,False,False,False,False,False,False,False,False,False
403,False,False,False,False,False,False,False,False,False,True,False,False,False,False,False,False,False,False,False,False,False,False,False,False,False,False,False,False,True,False,True
404,True,False,False,False,False,False,False,False,False,False,True,False,False,False,True,False,False,True,False,True,False,False,False,False,False,True,True,False,False,True,False
405,False,False,False,False,False,True,False,False,False,True,False,False,False,False,False,False,False,False,False,True,False,False,True,False,False,False,False,False,False,False,False
406,True,False,True,False,True,True,False,False,True,True,False,True,False,True,False,False,False,True,False,False,False,False,False,False,False,True,True,False,False,True,False
407,True,False,True,True,True,True,True,False,False,False,False,False,False,False,False,False,False,False,False,False,False,False,False,False,True,False,True,False,False,False,False
408,False,False,False,False,False,False,False,False,True,True,False,False,False,False,True,False,False,True,False,False,False,True,False,False,True,False,True,False,False,False,False
409,False,False,False,False,False,True,False,False,False,False,False,False,False,False,False,False,False,False,True,False,False,False,False,False,False,True,True,False,False,False,True
410,False,False,False,False,False,False,False,False,True,True,False,False,False,False,False,False,False,False,False,False,False,False,False,False,True,False,True,False,False,False,False
411,False,False,False,True,False,True,False,False,False,False,False,False,False,False,False,False,False,True,False,False,False,True,False,False,True,False,True,False,False,False,False
412,True,False,False,False,False,False,False,False,False,False,True,False,False,False,False,False,False,False,False,True,False,False,False,False,False,False,False,False,False,False,False
413,True,True,False,True,False,False,False,False,False,False,True,False,False,False,False,False,False,False,False,True,True,False,False,False,False,False,False,False,False,False,False
414,False,False,False,False,False,False,False,False,False,False,False,False,False,False,True,False,True,True,False,False,False,False,True,False,False,True,True,False,False,False,True
415,True,True,False,False,False,True,False,False,False,False,True,False,False,True,True,False,False,False,False,True,False,False,False,False,False,True,False,False,False,False,False
416,True,True,False,False,False,False,False,False,True,False,False,False,False,False,True,False,False,False,False,False,False,False,False,False,False,False,False,False,False,False,True
417,False,False,False,False,False,False,False,False,False,True,False,False,False,False,False,False,False,False,False,False,False,False,False,False,False,True,True,False,True,True,True
418,False,False,False,False,False,True,False,False,False,False,False,False,False,False,False,False,False,False,False,False,False,False,False,False,False,True,True,False,False,False,True
419,True,False,False,False,False,False,False,False,True,False,True,False,False,True,False,False,False,False,False,False,False,True,False,False,False,True,False,False,False,False,False
420,False,False,False,False,False,False,False,True,False,True,False,False,False,True,True,False,False,True,False,False,False,False,False,False,False,True,True,False,False,False,False
421,True,False,False,False,False,False,False,False,False,False,True,False,False,False,False,False,False,False,False,False,True,False,False,False,False,True,False,False,False,True,False
422,False,True,False,True,False,False,False,False,False,False,False,False,False,False,True,False,False,False,False,False,False,False,False,False,True,False,True,False,False,False,False
423,True,False,False,True,False,True,False,False,True,False,False,False,False,False,False,False,False,False,False,False,False,False,False,False,False,False,False,False,False,False,False
424,False,False,False,False,False,False,False,False,False,False,False,False,False,True,False,False,False,False,False,False,False,False,False,False,False,True,True,False,False,True,False
425,False,False,False,False,False,True,False,False,False,True,False,False,False,True,True,False,False,True,False,False,False,False,False,False,False,True,True,False,False,True,False
426,False,False,False,True,False,False,False,False,False,False,False,False,False,False,False,False,False,True,False,False,True,False,False,False,False,False,False,False,False,False,True
427,True,False,True,False,True,True,False,False,True,False,True,False,False,False,False,False,False,False,False,True,False,False,False,False,False,True,False,False,False,False,False
428,True,True,True,False,False,False,True,True,True,True,True,False,True,True,False,False,False,False,False,True,True,False,False,False,False,False,False,False,False,False,False
429,False,True,False,True,False,False,False,False,False,False,False,False,False,False,True,False,False,True,False,False,False,False,False,False,False,False,False,True,True,True,True
430,False,False,False,False,False,False,False,False,False,False,False,False,False,False,True,False,False,False,False,False,True,False,False,False,False,True,True,False,True,False,True
431,True,False,False,False,False,True,False,False,False,False,True,False,False,False,False,False,False,False,False,True,False,False,False,False,True,False,True,False,False,False,False
432,True,False,True,False,True,True,True,False,False,False,True,True,False,False,False,True,False,False,True,True,False,False,False,False,False,False,False,False,False,False,True
433,False,False,False,True,False,False,False,False,False,False,False,False,False,False,True,False,False,False,False,True,True,False,False,False,False,True,True,False,True,True,True
434,False,False,False,True,False,False,False,False,False,True,False,False,False,False,True,False,False,False,False,True,True,False,False,False,False,True,False,False,False,True,False
435,True,True,True,False,False,False,False,True,True,True,False,False,False,True,True,False,False,False,False,False,False,False,False,False,True,False,True,False,False,False,False
436,False,False,False,False,False,False,False,False,False,True,False,False,False,False,False,False,False,False,False,False,False,False,False,False,False,True,False,False,True,True,True
437,True,True,True,True,True,False,False,True,False,True,True,False,False,False,True,False,False,True,False,False,True,False,False,True,False,False,False,False,False,False,False
438,True,False,False,False,False,False,False,False,False,True,True,False,False,False,False,False,False,False,False,False,True,False,False,False,True,False,True,False,False,False,False
439,True,False,True,False,False,True,True,True,True,True,False,True,True,False,False,False,False,False,False,False,False,False,False,False,False,False,False,False,False,False,True
440,True,True,True,True,False,False,True,True,True,True,True,False,False,False,False,False,False,True,False,False,True,False,False,False,False,False,False,False,False,False,False
441,True,True,True,False,False,True,True,False,False,False,True,False,False,False,False,False,False,False,False,True,False,False,False,False,False,False,True,False,False,True,False
442,True,False,True,False,False,True,True,True,True,True,False,False,False,False,False,False,False,False,False,False,False,False,False,False,False,False,False,False,False,False,False
443,False,False,False,True,False,True,False,False,False,False,True,False,False,False,False,True,False,False,False,False,False,True,False,False,False,False,False,False,False,False,False
444,False,False,False,False,False,True,False,False,False,False,False,False,False,True,False,False,False,False,False,False,False,False,False,False,False,True,True,False,False,False,True
445,True,False,False,False,False,False,False,False,True,False,False,False,False,False,False,False,False,False,False,False,False,False,False,False,False,False,False,False,False,False,True
446,False,False,False,False,False,False,False,False,False,False,False,False,False,False,False,False,False,False,False,True,True,False,False,False,True,False,True,True,True,False,True
447,False,False,False,False,False,False,False,False,False,False,False,False,False,False,False,False,False,False,False,False,False,False,False,False,False,True,False,False,False,False,True
448,True,True,False,True,False,True,False,False,False,False,True,False,False,False,True,False,False,False,True,True,True,False,True,False,False,False,True,False,False,False,False
449,False,False,False,False,False,True,False,False,True,True,False,False,False,False,False,False,False,False,False,True,False,False,False,False,False,True,False,False,False,False,False
450,False,False,False,False,False,False,False,False,True,False,True,False,False,True,False,False,False,False,False,False,False,False,False,True,False,True,True,False,True,True,True
451,False,False,False,False,False,False,False,False,False,True,False,False,False,False,True,False,True,True,False,False,False,False,True,False,False,False,True,False,False,True,True
452,True,False,False,True,False,True,False,False,False,False,True,False,False,False,False,False,False,False,False,False,True,False,False,False,False,True,False,False,False,False,False
453,False,False,False,True,False,True,False,False,False,False,False,False,False,False,True,False,False,False,False,False,True,False,False,False,False,True,False,False,False,True,False
454,False,False,False,False,False,False,False,False,True,True,True,False,False,False,False,False,False,False,False,False,False,False,False,False,False,True,False,False,False,True,False
455,False,False,False,False,False,True,False,False,False,False,False,False,False,True,True,False,False,True,False,False,False,False,False,False,False,True,True,False,False,True,True
456,False,False,False,False,False,False,False,False,False,False,False,False,False,False,False,False,False,False,False,False,False,False,False,False,False,True,True,False,False,True,True
457,False,False,False,False,False,False,False,True,False,False,False,False,False,False,False,False,False,False,False,False,False,False,False,False,False,True,False,False,True,True,True
458,False,True,False,True,False,True,False,False,True,False,False,False,False,False,True,False,False,False,False,True,True,False,False,False,True,False,True,False,False,False,False
459,False,False,False,False,False,False,False,False,False,False,False,False,False,False,False,True,False,False,True,False,False,False,True,False,False,False,False,False,False,False,True
460,True,False,True,False,True,True,True,True,True,True,False,True,True,False,False,True,False,False,False,False,True,False,False,False,False,False,True,False,False,False,False
461,True,False,True,False,False,True,True,True,True,True,False,False,True,False,True,False,False,False,False,False,False,False,False,False,True,False,True,False,False,False,True
462,False,False,False,False,False,True,False,False,True,False,True,False,False,False,False,False,False,False,False,False,False,False,False,False,False,False,False,False,False,False,False
463,True,False,True,False,False,True,False,False,False,False,True,False,False,True,False,False,False,False,False,True,False,True,False,False,False,True,True,False,False,False,False
464,False,False,False,False,False,False,False,False,False,True,False,False,False,False,True,False,False,False,False,True,True,False,False,True,False,True,True,False,True,True,True
465,False,False,False,False,False,False,False,False,False,False,False,False,False,False,False,False,False,False,False,False,False,False,False,False,False,True,True,False,True,False,True
466,True,False,False,False,False,True,True,False,True,False,False,False,False,False,False,False,False,False,False,False,False,False,False,False,False,False,False,False,False,False,True
467,True,False,True,False,False,True,True,True,False,True,False,False,False,False,False,False,False,False,False,False,False,False,False,False,False,False,False,False,False,False,False
468,False,False,False,False,False,False,False,False,False,False,False,False,False,False,True,False,True,False,False,False,False,False,True,False,False,True,True,False,False,True,True
469,True,True,True,False,True,True,False,False,False,False,True,False,False,False,True,False,False,False,False,True,False,False,False,False,False,True,False,False,False,False,False
470,True,True,True,False,False,True,False,False,False,True,True,False,False,True,False,False,False,False,False,True,False,False,False,False,False,True,True,False,False,False,False
471,False,False,False,False,False,True,False,False,False,False,True,False,False,False,True,False,False,False,False,True,False,False,False,True,False,True,True,False,False,False,False
472,False,False,False,False,False,True,False,False,False,False,False,False,False,False,False,False,False,False,False,True,False,False,False,False,False,True,True,False,False,True,True
473,True,False,True,False,True,False,False,False,True,True,False,True,False,False,False,False,False,False,False,False,False,False,False,False,False,True,False,False,False,False,False
474,False,False,False,False,False,False,False,False,False,True,False,False,False,False,False,False,False,False,False,True,False,False,False,False,False,False,False,False,False,False,True
475,False,False,False,True,False,False,False,False,False,True,False,False,False,False,True,False,False,False,False,False,False,False,False,False,False,False,False,False,True,True,True
476,True,True,False,True,False,False,False,False,False,False,True,False,False,False,True,True,False,False,False,False,False,False,False,False,False,True,False,False,False,False,False
477,False,False,False,False,False,False,False,False,False,False,False,False,False,False,False,False,False,False,False,False,True,False,False,False,False,False,True,False,True,False,True
478,True,False,True,False,False,False,False,True,False,True,False,False,False,False,True,False,False,False,False,False,False,False,False,False,False,False,False,False,False,False,False
479,True,False,False,False,False,False,False,False,False,False,True,False,False,True,True,False,False,False,False,True,False,False,False,False,False,True,False,False,False,False,False
480,False,False,False,False,False,False,False,True,True,True,False,False,False,False,True,False,False,False,False,False,False,False,False,False,True,False,True,False,True,False,True
481,True,True,True,True,False,False,False,False,False,False,False,True,False,False,False,False,True,True,False,False,False,True,True,False,False,False,True,False,False,False,False
482,False,False,False,False,False,True,False,False,False,False,False,False,False,True,False,False,False,False,False,False,False,False,False,False,False,False,False,False,False,True,False
483,False,False,False,False,False,False,False,False,False,False,False,False,False,False,False,False,False,False,False,False,False,False,False,False,False,True,False,False,False,True,True
484,True,True,True,True,False,True,True,False,False,False,True,True,False,False,False,True,False,False,False,False,False,False,False,False,False,False,False,False,False,False,False
485,True,False,False,False,False,False,False,False,False,False,False,False,False,True,False,False,False,False,False,False,False,False,False,False,False,False,True,False,False,False,False
486,False,False,False,False,False,False,False,True,False,False,False,False,False,False,False,True,False,True,False,False,False,True,False,False,False,False,False,False,False,True,False
487,False,True,False,True,False,True,False,False,False,False,False,False,False,True,True,False,False,False,False,True,False,False,False,False,True,False,True,False,False,False,False
488,False,True,False,True,False,True,False,False,False,False,False,False,False,True,True,False,False,False,False,True,False,False,False,False,False,True,False,False,False,False,False
489,False,False,False,False,False,False,False,False,False,False,False,False,False,False,False,False,False,False,False,False,False,False,False,False,True,False,True,False,False,False,False
490,False,False,False,False,False,True,False,False,False,False,False,False,False,False,False,False,False,False,False,False,False,False,False,False,False,True,False,False,False,True,True
491,False,False,False,False,False,False,False,False,False,False,False,False,False,True,False,False,False,False,False,False,True,False,False,False,False,True,False,False,True,False,True
492,True,True,True,True,False,True,True,False,True,False,False,False,True,False,True,False,True,False,False,False,False,False,True,False,True,False,True,False,False,False,False
493,False,False,False,False,False,False,False,False,True,False,False,False,False,False,False,False,False,False,False,True,True,False,False,False,False,False,True,False,True,True,True
494,True,True,True,True,False,True,True,False,False,False,True,False,True,False,True,False,False,False,False,True,False,False,False,False,False,False,False,False,False,True,True
495,True,False,True,False,False,True,True,False,True,True,True,True,False,False,False,False,False,False,False,True,True,False,False,False,False,False,False,False,False,False,False
496,False,True,False,True,False,False,False,False,False,False,False,False,False,True,True,False,False,True,False,False,False,True,False,False,False,True,True,False,False,False,True
497,True,False,False,False,False,True,False,False,False,False,False,False,False,True,False,False,False,False,False,False,False,False,False,False,True,False,True,False,False,True,False
498,True,True,True,False,False,True,False,False,True,False,False,False,False,True,False,False,False,False,False,False,False,False,False,False,False,True,False,False,False,True,False
499,True,True,False,True,False,True,False,False,True,True,False,False,False,False,True,False,False,False,False,False,False,False,False,True,False,True,False,False,False,True,False
500,False,False,False,False,False,False,False,False,False,False,False,False,False,False,False,False,False,True,False,False,False,False,False,False,True,False,True,False,False,True,False
501,True,True,False,True,False,True,False,False,False,False,True,False,False,False,True,True,False,False,True,True,False,True,True,False,False,False,False,False,False,False,False
502,False,False,False,False,False,False,False,True,False,True,False,False,False,False,True,False,False,False,False,False,False,False,False,False,True,False,True,False,True,False,True
503,True,True,True,False,True,False,False,True,True,True,True,True,False,False,False,True,False,False,False,True,True,False,False,True,False,False,False,False,False,False,False
504,True,True,False,False,False,True,False,False,True,False,False,False,False,True,False,False,False,False,False,False,False,False,False,False,False,True,True,False,False,True,False
505,False,False,False,False,False,False,False,False,True,False,False,False,False,False,False,False,False,False,False,True,False,False,False,False,False,False,False,False,False,False,True
506,False,False,False,True,False,False,False,False,True,True,False,False,False,False,True,False,False,False,False,False,False,False,False,False,False,False,True,False,False,False,False
507,False,True,False,True,False,True,False,False,False,False,False,True,False,False,True,False,False,False,False,False,False,False,False,False,False,False,False,False,False,False,True
508,False,False,False,False,False,False,False,False,False,True,False,False,False,False,False,False,False,False,False,True,True,False,False,False,False,True,False,False,True,False,True
509,True,False,True,False,False,True,True,True,False,True,True,False,False,False,False,False,False,False,False,True,True,False,False,False,False,False,False,False,False,False,False
510,False,False,False,False,False,False,False,False,False,True,False,False,False,False,True,False,False,True,False,False,False,False,False,False,False,True,True,False,True,False,True
511,False,False,False,False,False,False,False,False,False,False,False,False,False,False,False,False,False,False,False,False,False,False,True,False,False,False,False,False,False,True,True
512,True,False,False,False,False,True,False,False,False,True,False,False,False,False,False,False,False,False,False,False,False,False,False,False,False,False,True,False,False,False,False
513,False,False,False,False,False,False,False,False,False,False,False,False,False,False,False,False,False,False,False,True,True,False,False,False,False,True,False,False,True,False,True
514,False,True,False,True,False,True,False,False,False,False,False,False,False,True,False,True,False,True,True,True,False,True,True,False,False,False,True,False,False,False,False
515,True,True,False,True,False,False,False,False,True,True,False,False,False,False,True,False,False,False,False,False,False,False,False,False,False,False,False,False,False,False,False
516,True,False,True,False,False,False,False,False,True,False,False,False,True,True,False,False,False,False,False,False,False,False,False,False,False,True,False,False,False,True,False
517,True,False,False,False,False,True,False,False,True,False,True,False,False,True,True,True,False,False,False,False,False,False,False,False,True,False,True,False,False,False,False
518,True,False,True,False,False,False,True,True,True,True,False,True,True,False,False,True,False,False,False,False,False,False,False,False,False,False,False,False,False,False,True
519,True,True,True,False,False,True,False,False,False,True,False,True,False,False,False,False,False,False,False,False,False,False,False,False,False,False,False,False,False,False,False
520,True,False,True,False,True,False,True,True,True,True,True,False,True,False,False,False,False,True,False,False,True,False,False,False,False,False,True,False,False,True,False
521,False,False,False,False,False,False,False,False,False,True,False,False,False,False,False,False,False,True,False,True,True,False,False,False,False,True,True,False,True,False,True
522,True,True,True,False,True,False,True,False,False,True,False,False,False,False,False,False,False,False,False,False,False,False,False,False,False,False,False,False,False,False,False
523,False,False,False,False,False,True,False,False,False,True,False,False,False,False,False,False,False,False,False,False,False,False,False,False,False,False,False,False,True,False,True
524,True,True,True,True,False,False,True,True,True,True,False,False,True,False,False,True,False,False,False,False,False,False,False,False,False,False,False,False,False,False,False
525,True,True,True,False,False,True,True,False,False,False,True,False,False,False,True,False,False,False,False,False,False,False,False,False,False,False,False,False,False,True,False
526,True,True,False,False,False,False,True,True,True,False,False,False,False,False,True,True,False,False,False,True,True,False,False,False,False,False,False,False,False,False,False
527,True,True,False,True,False,True,True,True,True,True,False,False,True,False,True,False,False,False,False,False,False,False,False,False,False,False,False,False,False,False,False
528,False,False,False,False,False,True,False,False,False,False,False,False,False,False,False,False,False,False,False,True,False,False,False,False,False,True,True,False,False,True,True
529,True,False,False,False,False,False,False,False,True,False,False,False,False,False,False,False,False,False,False,False,False,False,False,False,False,True,False,False,False,True,False
530,True,False,True,False,True,True,True,True,True,True,False,True,True,False,False,False,False,False,False,False,False,False,False,False,False,False,False,False,False,False,False
531,False,False,False,False,False,False,False,False,True,False,False,False,False,False,False,False,False,False,False,False,True,False,False,False,False,True,False,False,False,True,False
532,False,False,False,False,False,False,False,False,False,True,False,False,False,False,False,False,False,True,False,False,True,False,False,False,True,False,True,False,True,False,True
533,False,False,False,False,False,True,False,False,False,False,True,False,False,False,False,False,False,False,False,False,False,False,False,False,False,True,False,False,False,True,False
534,False,True,False,True,False,False,False,False,True,False,False,False,False,False,False,False,False,True,False,False,False,False,False,False,False,False,False,False,False,False,False
535,False,False,False,True,False,True,False,False,False,False,False,False,False,False,True,False,False,True,False,True,False,False,False,False,False,True,True,False,False,True,True
536,False,False,False,False,False,False,False,False,False,False,False,False,False,False,False,False,False,False,False,False,False,False,False,False,False,True,True,False,False,True,True
537,False,False,False,False,False,False,False,False,False,False,False,False,False,False,False,False,False,False,False,False,True,False,False,False,False,True,True,False,True,True,True
538,True,False,True,False,True,True,True,False,True,True,False,True,False,False,False,True,False,False,True,False,False,False,False,False,False,False,False,False,False,False,True
539,True,True,True,False,False,True,True,False,True,True,False,False,False,False,False,False,False,False,False,False,True,False,False,True,True,False,True,False,False,False,False
540,True,False,False,False,False,True,False,False,True,False,False,False,False,False,False,False,False,False,False,True,True,False,False,False,True,False,True,False,False,False,False
541,False,False,False,False,False,False,False,False,True,False,False,False,False,False,False,False,False,False,False,True,True,False,False,False,True,False,True,False,True,True,True
542,True,False,False,False,False,False,False,False,False,False,True,False,False,False,True,False,False,False,False,True,True,False,False,False,False,True,False,False,False,False,False
543,True,True,True,True,False,True,True,True,False,True,False,False,False,False,False,False,False,False,False,False,True,False,False,False,False,False,False,False,False,False,False
544,False,False,False,False,False,False,False,False,False,False,False,False,False,False,False,False,False,False,False,False,False,False,False,False,False,False,False,False,False,False,False
545,False,True,False,False,False,True,False,False,False,False,True,False,False,False,False,False,False,True,False,False,False,True,False,False,False,True,False,False,False,False,False
546,False,True,False,False,False,False,False,False,False,True,False,False,False,False,False,False,False,False,False,True,True,True,False,False,False,False,True,False,False,False,False
547,False,False,False,False,False,False,False,False,False,True,False,False,False,True,False,False,False,False,False,True,True,False,False,True,False,False,False,True,True,False,True
548,True,False,True,False,True,True,True,False,False,False,True,False,False,False,False,False,False,False,False,True,False,False,False,False,False,False,False,False,False,False,False
549,False,False,False,False,False,True,False,True,True,False,False,False,False,True,False,False,False,False,False,True,True,False,False,False,False,True,True,False,True,False,True
550,False,False,False,False,False,True,False,False,False,False,False,False,False,False,False,False,False,False,False,False,False,False,False,False,False,True,True,False,False,False,True
551,False,False,False,False,False,False,False,False,False,False,False,False,False,False,False,False,False,False,False,False,False,False,False,False,False,True,True,False,True,False,True
552,False,False,False,False,False,False,False,False,False,False,False,False,False,False,False,False,False,False,False,False,True,False,False,False,False,True,True,False,True,False,True
553,False,False,False,False,False,False,True,False,False,True,False,False,False,False,False,False,False,False,False,False,False,False,False,False,False,False,False,False,False,True,False
554,True,False,False,False,False,True,False,False,True,True,False,False,False,False,False,False,False,True,False,False,True,False,False,False,False,False,True,False,False,False,False
555,True,True,False,True,False,False,False,False,True,False,False,False,True,False,False,False,False,False,False,False,False,False,False,False,False,True,False,False,False,False,True
556,True,False,False,False,False,False,False,False,True,True,True,False,False,False,True,False,False,False,False,True,True,False,False,False,False,True,False,False,False,False,False
557,True,True,True,True,False,True,False,False,False,False,True,True,False,True,True,True,False,False,False,True,False,False,False,False,False,False,True,False,False,False,False
558,True,True,False,False,False,True,False,False,False,True,True,False,False,False,False,False,False,True,False,True,True,False,False,False,True,False,True,False,False,False,False
559,False,False,False,False,False,True,False,False,True,False,False,False,False,False,False,False,False,False,False,False,False,False,False,False,False,True,False,False,True,False,True
560,False,False,False,False,False,True,False,False,False,False,False,False,False,True,False,False,False,True,False,False,False,False,False,False,False,True,True,False,False,False,False
561,False,False,False,False,False,False,False,False,True,False,False,False,False,False,False,False,False,True,False,False,True,False,False,False,False,True,True,False,True,True,True
562,False,False,False,False,False,True,False,False,False,False,False,False,False,False,False,False,False,False,False,False,False,False,False,False,False,True,False,False,False,True,True
563,False,False,False,False,False,True,False,False,False,True,False,False,False,False,False,False,False,False,False,False,True,False,False,False,False,True,False,False,False,False,False
564,False,False,False,False,False,False,False,False,False,False,True,False,False,False,False,False,False,False,False,True,True,False,False,False,False,True,False,False,True,True,True
565,False,False,False,True,False,False,False,False,False,False,False,False,False,False,False,False,False,False,False,True,True,False,False,False,True,False,True,False,True,True,True
566,True,True,False,False,False,False,False,False,False,True,False,False,False,True,True,False,False,False,False,False,False,False,False,False,False,True,True,False,False,False,True
567,False,False,False,False,False,False,False,False,False,False,False,False,False,False,False,False,False,False,False,False,False,False,False,False,False,True,True,True,False,True,True
568,False,False,False,False,False,True,False,False,False,False,False,False,False,False,True,False,False,False,False,True,False,False,False,False,False,True,False,False,False,False,False
569,False,False,False,False,False,False,False,False,False,False,False,False,False,True,False,False,False,False,False,False,False,False,False,False,False,True,True,False,True,False,True
570,True,True,True,False,False,True,False,False,False,True,True,True,False,False,True,False,False,False,False,True,True,True,False,False,False,False,True,False,False,False,False
571,True,False,False,True,False,True,False,False,False,False,True,False,False,False,True,False,False,False,False,True,True,False,False,False,False,True,False,False,False,False,False
572,False,False,False,False,False,False,False,False,False,False,False,False,False,False,False,False,False,False,False,False,True,True,False,False,False,False,False,True,True,False,True
573,True,True,False,True,False,False,False,False,False,False,False,False,False,False,False,True,False,False,False,False,False,True,False,False,False,False,False,False,False,False,False
574,True,True,False,False,False,True,False,False,False,False,False,False,False,False,True,False,True,False,False,False,False,False,True,False,False,False,False,False,False,False,True
575,False,False,False,False,False,False,False,False,False,False,False,False,False,False,False,False,False,False,False,False,False,False,False,False,True,False,True,False,True,True,True
576,True,False,False,False,False,True,False,False,False,False,True,False,False,True,False,False,False,False,False,True,False,False,False,False,False,True,True,False,False,False,False
577,True,False,False,False,False,True,False,False,False,False,True,False,False,False,False,False,False,False,False,True,True,False,False,False,False,False,False,False,False,False,False
578,False,False,False,False,False,False,False,False,True,False,False,False,False,True,False,False,False,False,False,False,False,False,False,False,True,False,True,False,False,False,False
579,False,False,False,True,False,True,False,False,False,False,False,False,False,True,False,False,False,False,False,False,False,False,False,False,False,False,True,False,False,False,True
580,False,False,False,False,False,True,False,False,False,False,False,False,False,False,False,False,False,True,False,False,False,False,False,False,False,True,True,False,False,True,True
581,True,True,False,True,False,True,False,False,False,False,True,False,False,False,False,False,False,False,False,True,False,True,False,False,False,True,False,False,False,False,False
582,False,False,False,True,False,True,False,False,False,False,False,False,False,False,False,True,False,False,True,True,False,False,False,False,False,False,False,False,False,False,False
583,True,True,False,False,False,True,False,False,False,False,False,False,True,False,False,False,False,False,False,False,False,False,False,False,False,False,False,False,False,False,False
584,True,True,True,False,True,True,True,False,False,False,True,True,True,False,False,True,False,False,True,False,False,True,False,False,False,False,False,False,False,False,False
585,False,False,False,False,False,False,False,True,False,False,False,False,False,False,False,False,False,False,False,False,False,False,False,False,False,False,False,False,True,True,True
586,False,False,False,False,False,False,False,True,False,False,False,False,False,True,False,False,False,False,False,False,True,False,False,False,False,True,True,False,True,False,True
587,False,True,False,False,False,False,False,False,False,False,False,False,False,True,False,False,False,False,False,False,False,False,False,False,False,True,False,False,False,True,False
588,True,True,False,True,False,True,False,False,False,False,False,False,False,False,True,False,False,False,False,False,False,False,False,False,True,False,True,False,True,False,True
589,False,False,False,False,False,False,False,False,False,False,False,False,False,False,False,False,False,False,False,False,False,False,False,False,True,False,True,False,False,True,False
590,True,False,False,False,False,False,False,False,True,False,False,False,False,False,False,False,False,False,False,True,True,False,False,False,False,False,True,False,False,False,False
591,False,False,False,False,False,True,False,False,False,False,False,False,False,False,True,True,False,False,True,False,False,False,True,False,False,False,True,False,False,True,True
592,False,False,False,False,False,False,False,False,False,True,False,False,False,False,False,False,False,False,False,True,True,False,False,False,False,True,True,False,True,True,True
593,False,False,False,False,False,True,False,False,False,False,False,False,False,False,False,True,False,False,True,False,False,False,True,False,False,False,False,False,False,True,True
594,True,True,False,True,False,True,False,False,False,False,True,False,False,False,False,False,False,False,False,True,False,True,False,False,False,True,False,False,False,False,False
595,False,False,False,True,False,False,False,False,False,True,False,False,False,False,False,False,False,False,False,False,False,False,False,False,False,False,False,False,True,True,True
596,True,False,True,False,True,False,True,False,True,False,True,False,False,False,False,False,False,False,False,True,True,False,False,False,False,False,False,False,False,True,False
597,True,True,True,True,True,False,False,False,False,False,True,False,False,False,False,False,False,False,False,True,True,False,False,False,False,True,False,False,False,True,False
598,False,False,False,False,False,False,False,False,True,False,False,False,False,False,False,False,False,False,False,True,True,False,False,False,False,True,True,True,True,True,True
599,False,False,False,False,False,False,False,False,True,False,False,False,False,False,False,False,False,False,False,False,False,False,False,False,False,False,False,False,False,False,False
600,True,True,False,False,False,False,False,False,False,False,False,False,False,False,True,False,True,False,False,False,False,False,True,False,False,False,True,False,False,False,False
601,False,False,False,False,False,False,False,False,False,True,False,False,False,False,False,False,False,False,False,False,False,False,False,False,True,False,True,False,True,False,True
602,False,False,False,False,False,False,False,True,True,False,True,False,False,True,True,True,False,True,False,True,True,False,False,False,True,False,True,False,False,False,False
603,True,False,False,False,False,True,False,False,True,False,True,False,False,False,False,False,False,False,False,True,False,True,False,False,False,True,False,False,False,True,False
604,True,False,True,False,False,True,False,False,False,False,True,True,False,False,False,False,False,False,False,True,True,False,False,False,False,True,False,False,False,False,False
605,True,False,True,False,True,False,True,True,False,True,False,False,False,False,False,False,False,False,False,True,True,False,False,False,False,False,False,False,False,False,False
606,False,False,False,False,False,False,False,False,False,False,False,False,False,False,False,False,False,False,False,True,True,False,False,False,True,False,True,False,True,False,True
607,False,False,False,False,False,True,False,False,False,False,False,False,False,False,False,False,False,False,False,False,False,False,False,False,False,True,False,False,False,True,True
608,False,False,False,False,False,True,False,False,False,False,False,False,False,False,True,False,False,True,False,False,False,False,False,False,False,True,True,False,False,True,True
609,False,False,False,False,False,False,False,False,False,False,True,False,False,True,False,False,False,False,False,False,False,False,False,False,False,True,True,False,True,False,True
610,True,False,False,False,False,True,False,False,False,False,True,False,False,False,False,True,False,False,False,False,False,False,False,False,False,False,False,False,False,False,False
611,False,False,False,False,False,False,True,False,False,True,False,False,False,False,False,False,False,True,False,False,True,False,False,False,True,False,True,False,False,False,False
612,False,False,False,False,False,False,False,False,False,True,False,False,False,False,False,False,False,False,False,False,False,True,False,False,False,False,False,False,False,False,False
613,True,True,True,True,False,False,False,False,False,False,True,True,False,True,True,False,False,True,False,False,False,True,False,False,False,False,True,False,False,False,False
614,True,False,False,False,False,True,False,False,False,True,False,False,False,False,True,False,False,True,False,False,False,False,False,False,True,False,True,False,False,False,False
615,False,True,False,False,False,False,False,False,False,True,False,False,False,True,True,False,False,False,False,True,True,False,False,False,False,True,False,False,False,False,True
616,True,False,False,False,False,True,False,False,False,False,True,False,False,True,False,False,False,False,False,False,False,False,False,False,False,True,True,False,False,False,False
617,False,False,False,False,False,True,False,False,False,True,False,False,False,False,False,False,False,False,False,False,False,False,False,False,False,True,False,False,True,False,True
618,False,False,False,False,False,False,False,False,True,False,True,False,False,False,False,False,False,False,False,True,False,False,False,False,False,True,False,False,False,True,True
619,True,True,False,False,False,False,True,False,True,False,False,False,False,False,True,False,False,False,False,True,True,False,False,False,True,False,True,False,False,False,True
620,False,False,False,False,False,False,False,False,True,False,False,False,False,True,False,False,False,False,False,True,False,False,False,False,False,True,True,False,True,True,True
621,True,False,False,False,False,True,True,False,True,False,False,False,False,False,False,False,False,False,False,False,True,False,False,False,False,False,False,False,False,True,False
622,False,False,False,False,False,False,False,False,False,True,False,False,False,False,False,False,False,False,False,True,True,False,False,False,False,True,True,False,True,True,True
623,False,False,False,False,False,False,False,False,False,False,False,False,False,False,False,False,False,False,False,False,False,True,False,False,False,True,False,False,False,False,True
624,False,False,False,False,False,True,False,False,False,False,False,False,False,False,False,False,False,False,False,True,False,False,False,True,False,True,False,False,False,False,False
625,False,False,False,False,False,False,False,False,False,False,False,False,False,False,False,False,False,False,False,False,False,False,False,False,False,True,False,False,True,False,True
626,True,True,True,True,True,False,True,False,False,False,False,True,True,False,True,True,True,False,False,False,False,False,True,False,False,False,False,False,False,False,False
627,False,False,False,False,False,False,False,False,False,True,False,False,False,False,False,False,False,False,False,True,False,False,False,False,False,True,False,False,True,False,True
628,False,False,False,True,False,False,False,False,False,False,False,False,True,False,True,True,False,True,False,False,True,True,False,False,True,False,True,False,False,False,False
629,True,False,False,False,False,True,False,False,True,False,False,False,False,False,False,False,False,False,False,False,True,False,False,False,False,False,True,False,False,False,False
630,True,False,False,False,False,True,False,False,False,False,True,False,False,False,False,True,False,False,False,True,False,False,False,False,False,True,True,False,False,False,False
631,False,False,False,True,False,True,False,False,False,False,False,False,False,False,True,False,False,False,False,False,False,False,False,False,False,True,False,False,False,False,True
632,True,True,False,False,False,True,False,False,False,False,True,False,False,True,True,False,False,False,False,False,False,False,False,False,True,False,True,False,False,False,False
633,False,False,False,False,False,True,False,False,False,False,False,False,False,False,False,False,False,False,False,False,True,False,False,False,False,True,True,False,True,False,True
634,True,True,False,True,False,False,False,False,False,False,True,False,False,False,True,False,False,False,False,True,True,False,False,False,False,False,False,False,False,False,False
635,False,False,False,False,False,True,False,False,False,True,False,False,False,False,False,False,False,False,False,False,False,False,False,False,False,False,False,False,False,False,False
636,True,True,False,False,False,False,False,False,False,False,True,False,False,False,True,False,False,False,False,True,True,False,False,False,False,False,True,False,False,False,False
637,False,False,False,False,False,False,False,False,False,False,False,False,False,True,False,False,False,False,False,False,False,False,False,False,False,False,True,True,False,False,False
638,False,False,False,False,False,True,False,False,False,False,False,False,False,True,False,False,False,False,False,False,False,False,False,False,False,True,True,False,True,True,True
639,True,False,True,False,True,False,True,True,False,True,False,False,True,False,False,False,False,False,False,False,False,False,False,False,False,False,False,False,False,False,False
640,True,False,False,False,False,False,False,False,False,False,False,False,False,False,True,False,False,False,False,False,False,False,False,False,False,False,True,False,False,True,False
641,True,False,True,True,False,True,False,False,False,True,True,False,False,False,True,False,False,False,False,True,True,False,False,False,True,False,True,False,False,False,False
642,True,True,False,True,False,True,False,False,False,False,False,False,False,False,False,False,False,False,False,False,False,False,False,False,False,True,False,False,False,False,False
643,False,False,False,False,False,False,False,False,True,False,False,False,False,False,False,False,False,False,False,False,False,False,False,False,False,False,False,False,True,True,True
644,False,False,False,False,False,True,False,False,False,False,False,False,False,False,True,False,False,False,False,False,True,False,False,False,True,False,True,False,False,True,True
645,False,False,False,False,False,False,False,False,False,True,False,False,False,False,False,False,False,False,False,False,False,False,False,False,False,True,True,False,True,False,True
646,True,True,False,True,False,False,False,False,False,False,False,False,False,True,True,True,False,True,False,False,False,False,False,False,False,False,True,False,False,True,False
647,True,True,False,True,False,True,False,False,False,False,True,False,False,False,True,False,False,False,False,True,False,False,False,False,False,False,False,False,False,False,True
648,False,False,False,False,False,False,False,True,False,False,True,False,False,False,False,False,False,False,False,True,True,False,False,False,True,False,True,False,False,False,False
649,True,True,False,False,False,False,True,False,False,False,True,False,False,False,False,False,False,False,False,True,False,False,False,False,True,False,True,False,False,False,False
650,True,True,True,True,False,True,False,False,False,False,True,False,False,False,True,False,False,False,False,False,False,False,False,False,False,True,True,False,False,False,False
651,True,False,False,True,False,True,False,False,False,False,True,False,False,False,True,True,False,False,False,True,False,False,False,False,False,False,False,False,False,False,True
652,False,False,False,False,False,False,False,False,True,False,False,False,False,False,False,False,False,False,False,False,False,False,False,False,False,True,False,False,True,True,True
653,False,False,False,False,False,False,False,False,False,True,False,False,False,False,False,False,False,False,False,False,False,True,False,False,False,True,True,False,False,True,False
654,True,True,False,True,False,True,False,False,False,False,False,False,True,True,True,False,False,False,False,False,False,False,False,False,False,False,True,False,False,False,False
655,False,True,False,False,False,False,False,False,True,True,False,False,False,False,False,False,False,False,False,True,False,False,False,False,False,False,True,False,True,False,True
656,False,False,False,False,False,True,False,False,False,False,False,False,False,False,False,False,False,False,False,False,False,False,False,False,False,True,True,False,False,True,True
657,True,True,False,False,False,False,False,False,True,True,False,False,False,True,False,False,False,True,False,False,False,False,False,False,True,False,True,False,False,False,True
658,True,False,False,False,False,True,False,False,False,False,False,False,False,False,False,False,False,False,False,False,False,False,False,False,True,False,True,False,False,False,False
659,False,False,False,False,False,True,False,False,False,False,False,False,False,False,False,True,False,True,False,True,False,False,False,False,False,True,True,False,False,False,False
660,True,True,False,True,False,False,False,False,False,True,False,False,False,False,True,True,False,False,True,False,False,False,False,False,False,False,False,False,False,False,False
661,False,False,False,False,False,False,False,False,False,False,False,False,False,False,True,False,False,False,False,False,False,False,False,False,True,False,True,False,False,False,False
662,False,False,False,False,False,False,False,False,False,False,False,False,False,False,False,False,False,False,False,False,False,False,False,False,False,True,True,False,True,True,False
663,True,False,False,False,False,True,False,False,True,True,False,False,False,False,False,True,False,False,False,False,False,False,False,False,False,False,False,False,False,False,False
664,False,True,False,True,False,True,False,False,False,False,False,False,False,True,True,False,False,False,False,False,False,False,False,False,False,True,True,False,False,False,False
665,False,False,False,False,False,True,False,False,True,False,True,False,False,False,True,False,False,False,False,True,True,False,False,False,False,True,False,False,False,True,False
666,True,False,True,False,True,False,True,True,True,True,False,False,False,True,False,False,False,False,False,False,True,False,False,False,False,False,False,False,False,False,False
667,True,False,True,False,False,True,True,False,False,False,True,False,True,True,False,False,False,True,False,True,False,False,False,False,True,False,True,False,False,False,False
668,True,False,True,False,False,True,True,False,False,False,True,False,False,False,False,True,False,False,False,True,False,False,False,False,True,False,True,False,False,False,False
669,False,False,False,False,False,False,False,False,True,False,False,False,False,False,True,False,False,False,False,False,False,False,False,False,False,True,True,False,True,False,True
670,True,False,False,False,False,True,False,False,False,False,False,False,False,False,True,False,False,False,False,False,False,False,False,False,True,False,True,False,False,False,False
671,True,True,True,False,False,True,True,True,True,True,False,True,True,False,False,True,False,False,False,False,False,False,False,False,False,False,False,False,False,False,False
672,True,True,True,True,False,True,True,False,False,True,True,True,False,True,True,True,False,True,False,False,True,True,False,False,False,False,True,False,False,False,False
673,True,False,False,False,False,False,False,False,True,False,False,False,False,True,False,False,False,False,False,False,False,False,False,False,False,True,True,False,False,False,False
674,True,True,False,False,False,False,False,False,True,False,False,False,False,True,True,False,False,False,False,False,False,False,False,False,True,False,False,False,False,True,False
675,False,False,False,False,False,True,False,False,False,False,False,False,False,False,False,False,False,True,False,False,False,False,False,False,True,False,True,False,False,True,True
676,False,False,False,False,False,True,False,False,True,True,False,False,False,False,False,False,False,False,False,False,False,False,False,False,False,False,False,False,False,False,False
677,True,True,True,False,False,True,True,False,False,False,True,False,False,False,True,False,False,False,False,False,False,False,False,False,False,False,False,False,False,False,False
678,True,True,False,False,False,True,False,False,False,False,True,False,False,True,True,False,False,True,False,False,False,False,False,False,False,False,True,False,False,False,False
679,True,False,False,True,False,False,False,False,False,False,True,False,False,True,False,False,False,True,False,True,True,False,False,False,True,False,True,False,False,False,False
680,True,True,False,True,False,True,False,False,False,True,False,False,True,False,True,False,False,False,True,False,False,False,True,False,False,False,False,False,False,False,False
681,True,True,True,True,False,True,True,True,False,True,True,False,True,True,False,False,False,False,False,True,True,False,False,False,True,False,True,False,False,True,False
682,True,True,False,True,False,False,False,False,False,False,True,False,False,False,False,False,False,False,False,True,True,False,False,False,False,True,False,False,False,False,False
683,True,False,False,False,False,True,False,False,True,False,False,False,False,False,False,False,,False,False,False,False,False,False,False,False,False,False,False,False,False,False
684,False,False,False,True,False,False,False,True,False,False,False,False,False,False,False,False,False,False,False,True,True,False,True,False,False,False,False,False,False,False,True
685,False,False,False,False,False,True,False,False,False,False,False,False,False,False,False,False,False,False,False,False,True,False,False,False,True,False,True,False,False,True,False
686,True,False,True,False,False,False,True,True,True,True,True,False,False,False,False,False,False,False,False,True,True,False,False,False,False,False,False,False,False,False,True
687,False,False,False,False,False,True,False,False,False,False,False,False,False,False,False,False,False,False,False,False,False,False,False,False,False,True,False,True,False,False,False
688,True,False,True,False,False,True,True,True,False,True,False,True,True,False,False,True,False,False,False,False,False,True,False,False,False,False,False,False,False,False,False
689,False,False,False,False,False,True,False,False,True,False,False,False,False,False,True,False,False,True,False,False,True,False,False,False,False,True,True,False,True,False,True
690,True,True,False,True,False,False,False,False,False,False,True,False,False,True,False,False,False,True,False,True,True,True,False,False,True,False,True,False,False,False,False
691,False,False,False,False,False,True,False,False,False,False,True,False,False,True,False,False,False,False,False,True,False,False,False,False,False,False,True,False,False,False,True
692,True,False,False,False,False,False,False,False,False,False,True,False,False,False,False,False,False,False,False,True,True,False,False,False,False,True,True,False,False,False,False
693,False,False,False,False,False,False,False,False,False,False,False,False,False,False,True,False,False,True,False,True,False,False,False,False,False,False,False,False,False,False,False
694,True,True,True,False,False,True,True,False,False,False,True,False,False,False,False,False,False,False,False,False,False,False,False,False,False,False,False,False,False,False,False
695,False,False,False,False,False,False,False,False,False,False,False,False,False,False,False,True,False,False,False,False,False,False,False,False,False,False,True,False,True,False,True
696,False,False,False,False,False,True,False,False,False,False,False,False,False,False,False,True,False,False,False,False,False,False,False,False,False,False,False,False,False,False,False
697,False,False,False,False,False,False,False,True,False,True,False,False,False,False,True,False,False,False,False,False,False,False,False,False,True,False,False,False,True,True,True
698,False,False,False,False,False,True,False,False,False,False,False,False,False,False,False,False,False,False,False,True,False,False,False,False,True,False,False,False,False,False,False
699,False,False,False,False,False,False,False,False,True,False,False,False,False,False,False,False,False,True,False,True,True,False,False,False,False,True,True,False,True,False,True
700,False,False,False,False,False,False,False,False,False,False,False,False,False,False,False,False,False,False,False,False,True,False,False,False,False,False,False,False,True,True,False
701,False,False,False,False,False,False,False,False,False,True,False,False,False,False,False,False,True,False,False,True,False,False,False,False,False,False,True,False,False,False,False
702,True,True,False,True,False,True,False,False,False,False,False,False,True,False,False,False,False,True,False,False,False,False,False,False,False,False,False,False,False,False,False
703,False,False,False,False,False,False,False,False,True,False,False,False,False,False,False,False,False,False,False,True,True,False,False,False,False,False,False,False,False,False,False
704,False,False,False,False,False,True,False,False,False,False,False,False,False,False,False,False,False,False,False,False,False,False,False,False,False,True,True,False,False,True,True
705,False,False,False,True,False,True,False,False,False,True,False,False,False,False,True,True,False,True,False,True,False,False,False,False,False,False,True,False,False,False,True
706,True,False,False,True,False,True,False,True,False,False,False,False,True,False,False,False,False,False,False,False,False,False,False,False,False,True,False,False,False,False,False
707,False,False,False,False,False,True,False,False,False,False,False,False,False,True,True,False,False,False,False,True,False,False,False,False,False,False,False,False,False,True,True
708,False,False,False,False,False,False,False,False,True,True,False,False,False,False,False,False,False,False,False,False,True,False,False,False,False,False,False,False,False,False,False
709,False,False,False,False,False,False,False,False,True,False,False,False,True,False,False,False,False,False,False,False,False,False,False,False,False,False,False,False,True,False,True
710,True,True,True,False,True,False,True,True,False,True,False,False,True,False,True,True,False,False,False,False,False,False,False,False,False,False,False,False,False,False,False
711,True,False,True,False,False,True,True,True,True,True,True,True,False,False,False,True,False,False,False,True,True,False,False,False,True,False,True,False,False,False,False
712,False,False,False,True,False,True,False,False,False,False,False,False,False,True,True,False,False,False,False,False,True,True,False,False,False,True,True,False,False,True,False
713,True,True,False,False,False,True,False,False,True,False,True,False,False,False,True,False,False,False,False,True,False,False,False,False,False,True,False,False,False,False,False
714,True,True,True,True,False,False,True,True,False,True,False,False,False,False,False,False,False,False,False,False,False,True,False,False,False,False,False,False,False,False,False
715,True,True,True,False,True,False,True,True,False,True,False,False,True,False,True,False,False,False,False,False,False,False,False,False,False,False,False,False,False,False,False
716,False,False,False,False,False,True,False,False,False,False,False,False,False,False,False,False,False,True,False,False,False,False,False,False,False,True,True,False,False,True,True
717,False,False,False,False,False,True,False,False,False,False,False,False,False,False,False,False,False,True,False,True,False,False,False,False,True,False,True,False,False,False,True
718,False,False,False,False,False,False,False,False,True,True,False,False,False,False,False,False,False,False,False,False,False,True,False,False,False,True,True,False,True,True,True
719,False,False,False,False,False,False,False,False,True,True,False,False,False,False,False,False,False,False,False,False,False,False,False,False,False,False,False,False,True,True,True
720,False,False,False,False,False,False,False,False,False,False,False,False,False,False,False,False,False,False,False,False,False,False,False,False,False,False,False,False,False,False,False
721,True,True,True,True,True,True,True,False,False,False,False,False,True,False,False,False,True,False,False,False,True,True,True,False,False,False,False,False,False,False,False
722,True,False,False,False,False,True,False,False,False,False,False,False,False,False,True,True,False,False,False,True,False,False,False,False,False,False,False,False,False,False,True
723,False,False,False,False,False,True,False,False,False,False,False,False,False,False,False,False,False,False,False,True,False,False,False,True,False,True,False,False,False,False,True
724,False,False,False,False,False,False,False,False,True,True,False,False,False,False,False,False,False,False,False,True,True,False,False,False,False,False,False,False,False,False,False
725,False,False,False,True,False,True,False,False,True,False,False,False,False,True,True,False,False,True,False,True,False,False,False,False,False,True,True,False,False,False,True
726,False,False,False,False,False,False,False,False,False,False,False,False,False,False,False,False,False,True,False,False,False,False,False,False,False,True,True,False,True,True,True
727,False,False,False,False,False,False,False,False,False,False,False,False,False,True,False,False,False,False,False,False,True,False,False,False,True,False,True,False,False,False,False
728,False,False,False,False,False,True,False,False,False,False,False,False,False,False,False,False,False,True,False,True,False,False,False,False,False,True,True,False,False,False,True
729,True,False,True,False,False,True,False,False,False,False,True,False,True,False,False,False,False,False,False,False,False,False,False,False,False,False,True,False,False,False,False
730,True,False,True,True,False,True,False,False,False,True,True,True,False,False,False,True,False,False,False,True,False,False,False,False,False,True,False,False,False,True,False
731,False,False,False,False,False,False,False,False,False,False,False,False,False,False,False,False,False,False,False,False,False,False,False,False,False,False,False,False,False,False,False
732,False,False,False,False,False,False,False,False,False,False,False,False,False,False,False,False,False,False,False,False,False,False,False,False,False,True,False,False,False,True,True
733,False,True,False,True,False,False,False,False,False,False,False,False,False,False,True,True,False,False,False,True,True,False,False,False,False,False,False,False,False,False,False
734,False,False,False,False,False,True,False,False,False,True,False,False,False,False,False,False,False,True,False,True,True,False,False,False,False,True,True,False,True,True,True
735,True,False,False,False,False,True,True,True,True,True,False,False,False,False,False,False,False,False,False,False,False,False,False,False,False,False,False,False,False,False,False
736,False,False,False,False,False,False,False,False,False,False,False,False,False,False,False,False,False,False,False,True,True,False,False,False,False,False,False,False,True,True,True
737,True,True,True,True,False,True,True,True,False,True,False,False,False,False,True,False,False,False,False,False,False,False,False,False,True,False,True,False,False,False,False
738,True,True,True,False,True,True,True,True,True,True,True,False,True,True,False,True,False,False,False,True,True,False,False,False,False,False,False,False,False,False,True
739,True,True,True,False,True,True,False,False,True,True,True,True,True,True,False,False,False,False,False,False,True,False,False,False,False,True,False,False,False,False,True
740,True,False,False,False,False,False,False,False,False,False,True,False,False,False,False,True,False,False,False,True,True,False,False,False,False,False,False,False,False,False,False
741,True,False,True,False,False,False,True,True,False,True,True,False,True,False,False,False,False,False,False,True,True,False,False,False,False,False,False,False,False,False,False
742,False,False,False,False,False,True,False,False,False,False,False,False,False,False,False,False,False,False,False,False,False,False,False,False,True,False,True,False,False,True,True
743,True,True,True,True,False,False,True,True,True,True,True,True,True,False,True,True,False,False,False,True,True,False,False,False,False,False,False,False,False,False,False
744,True,True,True,False,True,False,True,True,False,True,False,False,True,False,False,False,False,False,False,False,False,True,False,False,False,False,False,False,False,False,False
745,False,False,False,False,False,True,False,False,False,False,False,False,False,False,True,False,False,False,False,False,False,False,False,False,True,False,True,False,True,False,True
746,True,True,True,False,False,True,True,True,False,True,False,False,False,False,False,False,False,False,False,True,True,True,False,False,False,False,False,False,False,False,False
747,False,False,False,True,False,False,False,False,False,True,False,False,False,False,True,False,False,False,False,False,False,False,False,True,False,True,False,False,True,True,True
748,False,False,False,True,False,True,False,False,False,True,False,False,False,False,True,False,False,False,False,False,False,False,False,False,True,False,True,False,True,True,True
749,True,False,False,True,False,False,False,False,False,True,True,False,False,False,False,False,False,False,False,True,False,False,False,False,False,False,False,False,False,False,True
750,False,False,False,False,False,False,False,False,False,True,False,False,False,False,False,False,False,False,False,False,False,False,False,False,False,False,False,False,True,False,True
751,False,False,False,False,False,True,False,False,False,False,False,False,False,True,False,False,False,False,False,True,False,False,False,False,False,True,True,False,False,False,False
752,False,False,False,False,False,True,False,False,True,False,True,False,False,False,False,False,False,False,False,True,False,True,False,False,False,True,False,False,False,False,False
753,False,False,False,False,False,False,False,False,False,True,False,False,False,False,True,False,False,False,False,False,True,False,False,False,False,True,True,False,True,False,True
754,False,False,False,True,False,True,False,False,True,False,True,False,False,True,False,False,False,False,False,False,False,False,False,False,False,True,False,False,False,False,False
755,False,False,False,False,False,False,False,False,True,True,False,False,False,False,False,False,False,False,False,False,False,False,False,False,False,True,True,False,True,False,True
756,False,False,False,False,False,True,False,False,False,False,False,False,False,False,False,False,False,False,False,False,False,False,False,False,False,False,False,False,False,False,False
757,False,False,False,False,False,False,False,False,False,False,False,False,False,False,False,False,False,False,False,False,False,False,False,False,False,False,False,False,False,False,False
758,True,True,True,True,True,True,True,False,False,False,True,True,True,True,True,True,False,False,False,False,False,False,False,False,False,False,True,False,False,False,False
759,False,False,False,True,False,False,False,False,True,True,False,False,False,False,False,True,False,False,False,True,True,True,False,False,False,False,False,False,False,False,False
760,True,False,False,False,False,False,False,False,False,False,False,False,False,False,False,False,False,False,False,False,False,False,False,False,False,True,False,False,False,True,False
761,True,False,True,False,False,False,False,False,False,True,True,True,True,False,True,True,False,True,False,True,True,False,False,False,False,True,False,False,False,False,False
762,True,False,True,False,False,True,True,False,False,False,True,False,False,False,False,True,False,False,False,True,False,True,False,False,False,False,False,False,False,False,False
763,True,True,True,False,False,True,False,False,False,True,True,True,False,False,False,False,False,False,False,False,True,False,False,True,False,False,False,False,False,False,False
764,False,False,False,False,False,False,False,False,False,False,False,False,False,False,False,False,False,False,False,False,False,False,False,False,False,True,False,False,True,False,False
765,True,False,False,False,False,True,False,False,True,False,False,False,False,False,False,False,False,False,False,False,False,False,False,False,False,True,False,False,False,False,False
766,True,False,False,False,False,True,False,False,True,False,True,False,False,False,True,True,False,False,False,True,False,False,False,False,True,False,True,False,False,False,False
767,False,False,False,False,False,False,False,False,True,True,False,False,False,False,False,False,False,False,False,False,False,True,False,False,True,False,True,False,False,False,False
768,False,False,False,False,False,True,False,False,False,False,False,False,False,False,False,False,False,False,False,True,False,False,False,False,False,True,True,False,False,True,True
769,False,False,False,False,False,False,False,True,False,False,False,False,False,False,False,False,False,False,False,True,True,False,False,False,False,True,False,False,True,False,False
770,False,False,False,True,False,False,False,False,False,True,False,False,False,False,False,False,False,False,False,False,True,False,False,False,False,True,False,False,True,False,True
771,False,False,False,False,False,False,False,False,True,True,True,False,False,False,False,True,False,False,True,True,True,False,True,False,False,False,False,False,False,False,True
772,False,False,False,False,False,True,False,False,False,False,False,False,False,False,False,False,False,False,False,False,False,False,False,False,False,True,False,False,False,False,True
773,False,False,False,False,False,True,False,False,False,True,False,False,False,False,False,False,False,False,False,True,True,False,False,False,False,True,False,False,True,True,True
774,False,True,False,False,False,False,False,False,False,False,True,False,False,True,True,False,False,False,False,True,True,False,False,False,False,True,False,False,False,False,False
775,True,False,True,False,False,True,True,True,True,True,True,False,False,False,True,False,False,False,False,True,True,False,False,False,True,False,True,False,False,False,False
776,False,False,False,False,False,True,False,False,False,False,False,False,False,False,False,False,False,False,False,True,False,False,False,False,False,True,False,False,False,True,True
777,False,True,False,False,False,False,False,False,False,False,False,False,False,False,False,False,False,False,False,True,True,False,False,False,False,False,False,False,False,False,False
778,True,False,True,False,False,True,True,False,False,False,False,False,False,False,True,False,False,False,False,True,False,False,False,False,False,False,True,False,False,False,False
779,False,False,False,False,False,False,False,False,True,False,False,False,False,True,False,False,False,False,False,False,True,False,False,False,False,True,True,False,True,True,True
780,False,False,False,False,False,False,False,False,False,False,False,False,False,True,True,False,False,False,False,True,True,False,False,False,False,True,True,False,False,False,False
781,False,False,False,False,False,False,False,False,False,False,False,False,False,False,False,False,False,False,False,True,True,False,False,False,False,True,True,False,True,False,True
782,False,False,False,False,False,False,False,False,False,False,False,False,False,False,False,False,False,False,False,False,False,False,False,False,False,True,True,False,True,False,True
783,False,False,False,False,False,False,False,False,True,True,False,False,False,False,False,False,False,True,False,False,False,False,False,False,False,True,True,False,True,False,True
784,True,True,False,False,False,False,False,False,True,False,False,False,False,False,True,False,False,False,False,False,False,False,False,False,False,True,False,False,True,False,False
785,True,False,True,False,False,False,True,True,True,True,False,True,True,False,False,True,False,False,False,False,True,False,False,False,True,False,True,False,False,False,False
786,True,False,False,False,False,True,False,False,False,False,True,False,False,True,False,True,False,False,False,True,False,False,False,False,False,False,False,False,False,True,True
787,False,False,False,False,False,False,False,False,False,False,False,False,False,True,False,False,False,False,False,True,True,False,False,False,False,True,True,False,True,False,False
788,False,False,False,False,False,False,False,False,False,False,False,False,False,False,True,True,False,False,False,True,True,False,False,False,False,False,False,False,False,False,False
789,True,False,True,False,True,False,False,False,False,True,True,True,False,False,False,True,False,False,False,True,True,False,False,False,False,False,False,False,False,False,False
790,True,True,False,True,False,True,False,False,False,False,True,False,False,False,False,True,False,False,True,True,False,False,True,False,False,False,False,False,False,False,False
791,False,False,False,False,False,True,False,False,False,False,False,False,False,False,False,False,False,False,False,True,False,False,False,False,False,True,True,False,False,False,False
792,False,False,False,False,False,True,False,False,True,False,False,False,False,False,True,False,False,False,False,False,False,False,False,False,False,True,True,False,False,False,False
793,True,False,True,False,True,True,False,False,False,False,True,False,False,False,True,False,False,True,False,True,False,False,False,False,False,True,False,False,False,True,False
794,True,True,True,False,True,False,False,False,True,False,True,False,False,True,True,False,False,True,False,True,True,False,False,False,False,True,True,False,False,True,False
795,False,False,False,False,False,True,False,False,False,False,False,False,False,False,True,False,False,False,False,True,False,False,False,False,True,True,True,False,False,True,True
796,False,False,False,False,False,False,False,False,False,False,True,False,False,True,False,False,False,False,False,False,True,False,False,True,False,True,True,False,False,True,False
797,False,False,False,False,False,False,False,False,False,False,False,False,False,False,False,False,False,True,False,False,False,False,False,False,False,True,True,False,True,False,True
798,False,False,False,False,False,True,False,False,False,False,False,False,False,True,True,False,False,False,False,True,False,False,False,False,False,True,False,False,False,True,True
799,False,False,False,False,False,True,False,False,False,False,False,False,False,True,False,False,False,False,False,False,False,False,False,False,False,True,False,False,False,False,True
800,False,False,False,False,False,False,False,False,False,False,False,False,False,False,False,True,False,False,True,False,False,False,False,False,False,False,False,False,False,False,False
801,True,True,True,True,False,False,False,False,False,True,True,False,False,False,False,False,False,False,False,False,True,False,False,False,False,True,False,False,False,True,True
802,False,False,False,False,False,False,False,False,False,True,False,False,False,False,False,False,False,False,False,False,False,False,False,False,False,True,False,True,True,True,True
803,False,False,False,False,False,True,False,True,False,False,False,False,False,False,False,False,False,False,False,True,True,True,False,False,False,True,False,False,True,True,True
804,False,False,False,False,False,False,False,True,False,False,False,False,False,False,True,False,False,False,False,False,False,False,False,False,True,False,True,False,True,True,True
805,False,False,False,False,False,False,False,False,False,False,True,False,False,False,False,False,False,False,False,False,False,False,False,False,False,True,True,False,False,True,False
806,False,False,False,False,False,True,False,False,False,False,True,False,False,True,False,False,False,False,False,True,False,True,False,False,False,True,False,False,False,True,False
807,True,True,True,True,False,False,True,True,False,True,False,False,False,False,True,False,False,True,False,False,True,False,False,False,True,False,True,False,False,False,False
808,False,False,False,False,False,False,False,False,False,True,False,False,False,False,False,False,False,False,False,True,True,False,False,False,False,False,True,False,False,False,False
809,True,True,True,False,False,False,False,False,False,True,False,True,True,False,False,False,False,False,True,False,False,False,True,False,False,False,True,False,False,False,False
810,False,False,False,True,False,False,False,False,False,True,False,False,False,False,False,False,False,False,False,False,False,False,False,False,False,True,False,False,True,True,True
811,True,True,True,False,False,False,True,False,False,False,True,True,True,False,False,True,False,False,False,False,False,False,False,False,False,False,False,True,False,False,False
812,True,False,True,False,False,False,False,False,True,True,True,True,False,False,False,True,False,False,False,False,True,False,False,False,False,False,False,False,False,False,True
813,True,False,False,False,False,True,False,False,False,False,False,False,False,False,True,False,False,False,False,False,False,False,False,False,False,False,False,False,False,False,False
814,False,False,False,True,False,True,False,False,False,False,False,False,False,False,False,True,False,False,False,True,False,False,False,False,False,True,False,False,False,False,False
815,True,False,True,False,True,False,False,False,True,True,True,True,False,False,False,True,False,False,False,True,True,False,False,False,False,False,False,False,False,False,False
816,False,False,False,False,False,False,False,False,False,True,False,False,False,False,False,False,False,False,False,False,False,False,False,False,False,False,True,False,True,False,True
817,False,False,False,False,False,True,False,False,False,False,False,False,False,True,False,False,False,False,False,False,False,True,False,False,False,True,True,False,False,True,True
818,True,False,False,False,False,True,False,False,False,False,True,False,False,True,False,False,False,False,False,True,False,False,False,False,False,True,False,False,False,False,False
819,True,False,True,False,False,False,True,True,True,True,True,False,False,False,False,True,False,False,False,False,True,False,False,True,False,False,False,False,False,False,False
820,False,False,False,False,False,True,False,False,False,False,False,False,False,False,False,True,False,False,True,False,False,False,True,False,False,False,False,False,False,True,True
821,False,False,False,True,False,False,False,False,False,False,False,False,False,False,True,False,False,False,False,False,False,False,False,False,False,False,False,False,True,False,True
822,False,False,False,False,False,True,False,False,False,False,False,False,False,False,True,False,False,False,False,False,True,False,False,False,False,True,True,False,True,False,True
823,True,False,True,False,True,False,True,True,True,True,True,True,True,True,False,True,False,False,False,True,True,False,False,False,False,False,False,False,False,False,False
824,False,False,False,False,False,False,False,False,True,True,False,False,False,False,False,False,False,False,False,False,True,False,False,False,False,True,True,False,True,False,True
825,False,False,False,False,False,True,False,False,False,False,False,False,False,False,False,False,False,False,False,False,False,False,False,False,True,False,True,False,False,False,True
826,False,False,False,False,False,False,False,False,False,False,False,False,False,False,False,True,False,False,False,False,True,False,False,False,False,False,True,True,True,True,True
827,False,False,False,False,False,False,False,False,True,False,True,False,False,False,True,False,False,False,False,True,True,False,False,False,True,True,True,False,True,True,True
828,False,True,False,True,False,True,False,False,False,False,True,False,False,True,False,False,False,False,False,True,False,False,False,False,True,False,True,False,False,False,False
829,False,False,False,True,False,False,True,False,False,True,False,False,False,True,False,False,False,False,False,False,False,False,False,False,True,False,True,False,False,False,False
830,False,False,False,True,False,False,False,False,False,False,False,False,False,False,False,False,False,False,False,False,True,False,False,False,False,True,False,False,False,False,False
831,True,True,False,True,False,True,False,False,False,False,True,True,False,False,False,False,False,False,False,True,False,False,False,False,False,False,False,False,False,False,False
832,False,False,False,False,False,False,False,False,False,False,False,False,False,False,False,True,False,True,True,True,False,False,True,False,True,False,True,False,False,True,True
833,False,False,False,False,False,True,False,False,False,False,False,False,False,False,True,False,False,False,False,False,False,False,False,False,False,True,True,False,False,True,True
834,False,False,False,True,False,False,False,False,False,False,False,False,False,True,True,False,False,False,False,False,False,False,False,False,True,False,True,False,False,False,False
835,True,False,True,True,True,True,True,False,False,False,False,False,False,False,True,True,False,False,False,True,True,False,False,False,True,False,True,False,False,False,False
836,False,False,False,False,False,False,False,False,False,False,False,False,False,False,False,False,False,False,False,False,False,False,False,False,True,False,True,False,True,False,True
837,True,False,True,False,True,True,True,True,True,True,True,True,False,False,False,True,False,False,False,True,True,False,False,False,False,False,False,False,False,False,False
838,False,True,False,True,False,False,False,False,False,True,False,False,True,False,False,False,False,False,False,False,False,False,False,False,False,False,False,True,True,False,True
839,False,False,False,False,False,False,False,False,False,False,False,False,False,True,False,False,False,False,False,False,False,False,False,False,False,False,True,False,False,False,False
840,True,False,False,False,False,False,False,True,False,False,False,False,False,False,False,False,False,False,False,False,False,False,False,False,True,False,True,False,False,False,False
841,False,False,False,False,False,False,False,False,False,False,False,False,False,False,False,False,False,False,False,False,False,False,False,False,False,True,False,False,False,False,False
842,False,True,False,False,False,True,False,False,False,False,False,False,False,False,True,False,False,False,False,True,False,False,False,False,False,False,False,False,False,False,False
843,True,True,False,False,False,True,False,False,True,False,False,False,False,True,True,True,False,True,False,False,True,False,False,False,True,False,True,False,False,False,False
844,False,False,False,False,False,True,False,False,False,False,False,False,False,False,False,False,False,False,False,False,False,False,False,False,False,True,True,False,False,False,True
845,True,True,True,True,True,False,True,True,True,True,False,True,True,False,False,True,False,False,False,False,True,False,False,False,False,False,False,False,False,False,False
846,False,False,False,True,False,True,False,False,False,False,True,False,False,True,True,False,False,False,False,False,False,False,False,False,False,True,True,False,False,True,True
847,False,False,False,False,False,True,False,False,False,False,False,False,False,False,False,True,False,True,False,False,False,True,False,False,False,True,False,False,False,False,True
848,False,False,False,False,False,False,False,False,False,False,False,False,False,False,False,False,False,False,False,False,False,False,False,False,False,True,False,False,True,True,True
849,False,False,False,False,False,False,False,False,True,True,False,False,False,False,False,False,False,False,False,False,False,False,False,False,False,False,False,False,False,False,False
850,False,True,False,True,False,True,False,False,False,False,False,False,False,False,True,False,False,False,False,False,False,False,False,False,False,True,False,False,False,False,False
851,False,False,False,False,False,False,False,False,False,False,False,False,False,False,False,False,False,False,False,False,False,False,False,False,False,True,True,False,True,True,True
852,False,False,False,False,False,False,False,False,False,False,False,False,False,False,True,False,False,False,False,True,True,False,False,False,False,False,True,False,False,False,False
853,False,False,False,False,False,False,False,False,False,False,False,False,False,False,True,False,False,True,False,False,True,False,False,False,True,False,True,False,True,True,True
854,False,False,False,False,False,False,False,False,False,True,False,False,False,True,True,False,False,False,False,False,False,False,False,False,False,True,True,False,False,True,False
855,True,True,True,False,True,False,True,True,False,True,False,True,True,False,True,True,False,True,False,False,False,True,False,False,True,False,True,False,False,False,True
856,False,False,False,False,False,False,False,False,False,False,False,False,False,False,False,False,False,False,False,True,True,False,False,False,True,False,True,False,False,False,False
857,True,False,False,False,False,True,False,False,False,False,False,False,True,False,True,False,False,True,False,False,False,True,False,False,True,False,True,False,False,False,False
858,False,False,False,False,False,False,False,False,False,False,True,False,False,True,False,False,False,False,False,True,False,False,False,False,False,True,True,False,False,True,False
859,False,False,False,False,False,False,False,False,False,False,False,False,False,True,False,False,False,False,False,False,False,False,False,False,False,True,True,False,False,False,False
860,False,False,False,True,False,False,False,False,False,False,False,False,False,False,True,False,False,True,False,True,True,True,False,False,False,True,True,False,True,False,True
861,True,True,True,True,False,True,False,False,False,False,True,False,False,False,False,False,False,False,False,False,False,False,False,False,False,True,False,False,False,False,False
862,False,False,False,False,False,False,False,False,False,False,False,False,False,True,True,False,False,False,False,False,False,False,False,False,False,False,True,False,False,False,False
863,False,False,False,False,False,False,False,False,False,True,False,False,False,False,False,True,False,False,False,False,False,False,False,False,False,False,False,False,False,False,False
864,False,False,False,False,False,False,False,False,False,False,False,False,False,False,False,False,False,False,False,False,True,False,False,False,False,False,False,False,False,False,False
865,True,True,True,False,True,False,False,False,False,True,True,True,False,True,True,True,False,True,True,True,True,True,False,False,False,False,True,False,False,False,False
866,True,True,False,True,False,False,False,False,False,False,False,False,False,True,True,False,False,False,False,False,False,True,False,False,False,True,False,False,False,False,False
867,True,False,False,False,False,True,False,False,False,False,True,True,False,False,True,True,False,False,False,True,True,False,False,False,True,False,True,False,False,True,False
868,True,True,True,True,False,True,True,False,False,False,True,False,False,False,True,False,False,False,False,False,False,False,False,False,False,False,False,False,False,True,False
869,True,False,True,False,True,True,False,False,False,False,True,True,False,False,False,True,False,False,True,False,False,False,False,False,False,False,False,False,False,False,False
870,False,False,False,False,False,True,False,False,False,False,False,False,False,True,True,False,False,True,False,True,False,False,False,False,True,False,True,False,False,True,False
871,False,False,False,False,False,False,False,False,False,False,False,False,False,False,True,False,False,False,False,False,False,False,False,False,False,False,False,False,False,False,False
872,False,False,False,False,False,False,False,False,False,False,False,False,False,True,False,True,False,False,True,False,False,False,False,False,False,False,True,False,False,False,False
873,False,False,False,False,False,True,False,False,False,False,False,False,False,False,True,False,False,True,False,False,False,False,False,False,False,True,True,False,False,True,True
874,False,False,False,False,False,False,False,False,False,True,True,False,False,False,True,False,False,False,False,True,False,False,False,False,True,False,True,False,False,True,False
875,True,True,True,False,True,False,False,True,False,False,False,True,False,True,False,False,True,True,False,True,False,True,True,False,False,True,True,False,False,False,True
876,False,False,False,False,False,False,False,False,False,False,False,False,False,True,False,False,False,False,False,True,True,False,False,False,True,True,True,False,False,False,False
877,True,True,False,True,False,True,True,False,True,False,False,False,False,False,True,True,False,False,False,True,True,False,False,False,False,False,False,False,False,False,False
878,True,True,False,False,False,True,False,False,True,False,True,False,False,True,False,False,False,False,False,True,True,False,False,False,True,False,True,False,False,False,True
879,False,False,False,False,False,True,False,False,False,False,False,False,False,False,False,False,False,False,False,False,False,False,False,False,False,True,False,False,False,True,False
880,True,False,False,True,False,True,False,False,True,False,False,False,False,False,False,False,False,False,False,False,False,False,False,False,False,True,True,False,False,False,False
881,True,False,False,True,False,True,False,False,False,False,True,False,True,False,False,False,False,False,False,True,False,False,False,False,False,False,False,False,False,False,False
882,False,False,False,False,False,False,False,False,False,True,False,False,False,False,False,False,False,False,False,False,True,False,False,False,False,True,True,False,True,True,True
883,True,True,True,True,False,True,True,True,True,True,True,True,False,True,True,True,False,False,True,True,True,False,False,False,False,False,False,False,False,False,False
884,True,True,True,False,True,False,True,True,False,True,False,True,True,False,False,,False,False,False,False,True,False,False,False,False,False,False,False,False,False,False
885,False,False,False,False,False,False,False,False,False,True,False,False,False,True,False,False,False,False,False,False,True,False,False,False,True,False,True,False,False,False,False
886,False,False,False,False,False,True,False,False,False,False,False,False,False,False,False,False,False,False,False,False,False,False,False,False,False,True,True,False,False,True,True
887,False,False,False,True,False,False,False,False,True,False,False,False,False,False,True,False,False,False,False,True,True,False,False,False,True,False,True,False,True,True,False
888,True,False,False,False,False,True,False,False,False,False,True,False,False,False,False,False,False,False,False,True,False,False,False,True,True,False,False,False,False,False,False
889,False,False,False,False,False,False,False,False,False,True,False,False,False,False,False,False,False,False,False,False,False,False,False,False,False,True,True,False,True,False,True
890,False,False,False,False,False,False,False,False,True,False,False,False,False,False,False,False,False,False,False,True,True,False,False,False,False,True,True,False,True,False,True
891,False,False,False,False,False,False,True,False,False,False,False,False,False,False,True,False,False,False,False,True,True,False,False,False,False,False,False,False,False,False,False
892,False,False,False,False,False,False,False,False,False,False,False,False,False,False,False,False,False,False,False,True,False,False,False,False,False,True,False,False,False,False,True
893,False,False,False,False,False,False,False,False,False,False,False,False,False,False,False,False,False,False,False,True,False,False,False,False,False,True,False,False,False,True,True
894,True,True,False,True,False,True,False,False,False,False,False,False,False,False,False,False,False,False,False,False,False,False,False,False,False,False,False,False,False,False,False
895,False,False,False,False,False,True,False,False,False,False,False,False,False,False,True,False,False,True,False,False,False,False,False,False,False,True,True,True,False,True,True
896,False,False,False,False,False,False,False,False,False,True,False,False,False,False,False,False,False,False,False,False,True,False,False,False,False,True,True,False,True,False,True
897,False,False,False,False,False,False,False,False,False,False,False,False,False,False,False,False,False,False,False,False,False,False,False,False,False,True,False,False,True,False,True
898,False,False,False,False,False,False,False,False,True,False,False,False,False,True,False,False,False,False,False,False,False,False,False,False,True,False,True,False,False,False,False
899,True,True,True,True,False,True,False,False,False,True,False,False,False,True,True,False,False,False,False,False,False,False,False,False,True,False,True,False,False,False,False
900,False,False,False,True,False,False,False,False,False,False,False,False,False,False,False,False,False,False,False,True,False,False,False,False,False,True,True,False,False,False,False
901,True,False,False,False,False,False,False,False,False,True,True,True,False,False,False,True,False,False,False,True,True,False,False,True,False,False,False,False,False,False,False
902,True,True,True,True,True,False,False,False,False,False,False,False,False,False,False,False,False,False,False,False,False,False,False,False,False,True,False,False,False,True,False
903,False,False,False,False,False,True,False,False,False,False,False,False,False,False,False,False,False,False,False,False,False,False,False,False,False,True,True,False,False,True,True
904,False,False,False,False,False,False,False,False,True,True,False,False,False,False,False,False,False,True,False,False,True,False,False,False,True,False,True,False,False,False,False
905,False,False,False,False,False,True,False,False,False,False,False,False,False,False,False,False,False,False,False,True,False,False,False,False,False,True,True,False,False,True,True
906,False,False,False,False,False,False,False,False,False,False,False,False,True,False,False,False,False,False,False,False,False,False,False,False,False,True,False,False,True,False,True
907,True,True,True,True,False,True,False,False,False,False,True,False,False,False,True,False,False,False,False,False,False,False,False,False,False,True,False,False,False,False,False
908,True,True,True,True,False,True,True,False,False,False,True,False,False,False,False,False,False,False,False,True,False,False,False,False,False,False,False,False,False,True,False
909,False,False,False,False,False,False,False,False,False,False,False,False,False,True,True,False,False,False,False,False,True,False,False,False,False,True,True,False,True,False,True
910,False,True,False,False,False,False,False,True,False,False,False,False,False,False,False,False,False,False,False,False,False,False,False,False,False,False,False,False,True,False,False
911,False,False,False,False,False,False,False,False,True,True,False,False,False,False,False,False,False,False,False,False,False,False,False,False,False,False,False,False,True,True,True
912,True,True,True,False,False,False,True,True,True,True,True,False,False,False,False,False,False,False,False,False,False,False,False,False,False,False,False,False,False,False,False
913,True,False,True,True,False,False,True,True,False,True,False,False,True,False,True,False,False,False,False,False,False,False,False,False,False,False,False,False,False,False,False
914,True,False,False,False,False,True,False,False,True,False,True,False,False,False,False,True,False,False,True,True,True,False,False,False,False,False,False,False,False,False,True
915,False,False,False,False,False,True,False,False,False,False,False,False,False,False,False,False,False,False,False,True,False,False,False,False,False,True,True,False,False,True,True
916,True,True,False,True,False,False,False,False,False,False,False,False,True,False,False,False,False,False,False,False,False,True,False,False,False,False,False,False,False,False,False
917,False,False,False,False,False,True,False,False,True,True,False,False,False,False,False,False,False,True,False,False,False,False,False,False,True,False,True,False,True,False,True
918,False,False,False,False,False,True,False,False,False,False,False,False,False,True,True,False,False,True,False,True,False,False,False,False,False,False,True,False,False,False,False
919,False,False,False,True,False,False,False,True,False,False,False,False,False,False,False,False,False,False,False,False,True,False,False,True,False,True,False,False,True,True,True
920,False,False,False,True,False,False,False,False,False,True,False,False,False,False,True,False,False,False,False,False,False,False,False,False,False,False,False,False,False,False,False
921,False,False,False,False,False,False,False,False,False,False,False,False,False,True,False,True,False,False,True,False,False,True,True,False,False,False,True,False,False,False,True
922,False,False,False,False,False,True,False,False,True,False,True,False,False,True,False,True,False,False,False,True,True,False,False,False,False,True,True,False,False,False,False
923,True,False,False,False,False,True,False,True,False,True,True,False,False,False,False,False,False,False,False,True,True,False,False,False,False,False,False,False,False,False,False
924,False,False,False,False,False,True,False,False,False,False,False,False,False,False,False,False,True,False,False,False,False,False,True,False,False,True,False,True,False,True,True
925,False,False,False,False,False,True,False,False,False,False,True,False,False,False,False,False,False,False,False,False,True,False,False,False,False,False,False,False,False,False,False
926,True,False,True,False,True,True,True,False,False,False,True,True,True,False,False,True,False,False,True,True,False,False,False,False,False,False,False,False,False,False,True
927,False,False,False,False,False,False,True,False,False,False,False,False,False,True,False,False,False,False,False,False,False,False,False,False,False,False,True,False,False,True,False
928,False,False,False,False,False,False,False,False,False,False,False,False,False,False,False,False,False,False,False,False,False,False,False,False,True,False,True,False,True,True,False
929,True,False,False,False,False,True,False,False,True,False,True,False,False,True,False,False,False,False,False,False,True,False,False,False,True,False,True,False,False,False,True
930,True,True,False,True,False,False,True,False,False,False,False,False,False,False,True,False,False,False,False,False,True,False,False,False,False,False,False,False,False,False,False
931,False,False,False,False,False,False,False,False,False,False,False,False,False,False,True,False,True,False,False,False,False,False,True,False,False,True,True,False,False,True,True
932,True,False,False,False,False,True,True,False,False,False,True,False,False,False,False,False,False,False,False,False,False,False,False,False,False,False,True,False,False,False,False
933,False,False,False,False,False,False,False,False,False,False,False,False,False,False,False,False,False,False,False,True,True,False,False,False,False,True,False,False,True,False,True
934,False,False,False,False,False,False,False,False,False,True,False,False,False,True,False,False,False,False,False,False,True,False,False,False,False,True,False,False,True,True,True
935,False,False,False,False,False,False,False,False,False,False,False,False,False,False,False,False,False,False,False,False,False,False,False,False,False,False,False,False,False,False,False
936,True,False,False,False,False,True,False,False,False,False,True,False,False,False,False,False,False,False,False,True,False,False,False,False,False,False,False,False,False,False,True
937,False,False,False,False,False,True,False,False,False,False,False,False,False,False,False,False,False,False,False,True,False,False,False,False,False,False,False,False,False,False,False
938,True,False,True,False,False,True,True,True,False,True,False,False,False,False,True,False,False,True,False,False,True,False,False,False,True,False,True,False,False,True,False
939,False,False,False,False,False,False,False,False,True,True,False,False,False,False,False,False,False,False,False,False,False,False,False,False,False,True,True,False,True,True,True
940,True,True,True,True,False,True,True,False,False,False,True,False,True,True,True,False,False,False,False,False,False,False,False,False,True,False,True,False,False,False,True
941,True,True,True,True,False,False,True,True,False,True,True,False,False,False,True,False,False,False,False,True,True,False,False,False,False,False,True,False,False,False,False
942,True,True,False,True,False,False,False,False,False,True,True,False,False,False,False,False,False,False,False,True,True,False,False,False,False,False,False,False,False,False,False
943,True,False,True,False,True,False,True,True,False,True,False,True,False,False,False,True,False,False,True,True,True,False,False,False,True,False,True,False,False,False,False
944,True,False,True,False,False,True,False,False,True,True,False,True,False,False,False,True,False,False,True,False,False,False,False,False,False,False,False,False,False,False,False
945,True,True,False,True,False,True,False,False,True,False,True,False,False,True,True,False,False,False,False,True,False,False,False,False,False,True,True,False,False,True,False
946,False,False,False,True,False,False,False,False,False,False,False,False,True,False,True,False,False,True,False,False,False,False,False,False,False,True,False,False,False,False,False
947,True,False,False,False,False,False,False,False,True,False,True,False,False,False,False,True,False,True,False,True,True,True,False,False,True,False,True,False,False,False,False
948,True,True,True,True,False,False,False,False,False,True,False,True,False,False,False,True,False,False,False,False,False,False,False,False,False,False,True,False,False,False,False
949,True,False,False,False,False,True,False,False,False,False,True,False,False,False,False,False,False,False,False,True,True,False,False,False,True,False,True,False,False,False,False
950,False,False,False,False,False,False,False,False,False,False,False,False,False,False,False,False,False,False,False,False,False,False,False,False,False,True,False,False,True,False,True
951,True,True,False,False,False,True,False,False,True,False,False,False,True,False,True,True,False,True,False,False,False,False,False,False,False,False,False,False,False,False,False
952,True,True,True,False,False,True,True,True,False,True,True,False,False,False,True,False,False,True,False,False,True,True,False,False,True,False,True,False,False,False,True
953,True,True,True,True,False,True,True,True,True,True,False,False,True,False,False,False,False,False,False,False,False,False,False,False,False,False,False,False,False,False,False
954,False,False,False,False,False,True,False,False,False,False,False,False,False,False,True,False,False,False,False,True,False,False,False,False,False,True,False,False,False,True,True
955,False,False,False,True,False,True,False,False,False,False,False,False,False,False,True,False,False,False,False,False,False,False,False,True,False,True,False,False,False,False,True
956,False,False,False,False,False,False,False,False,False,False,False,False,False,True,False,False,False,False,False,False,False,False,False,False,True,False,True,False,False,False,False
957,False,False,False,False,False,False,False,False,False,False,False,False,False,False,False,False,False,False,False,True,False,False,False,False,False,True,True,False,False,False,False
958,False,False,False,False,False,False,False,False,False,True,False,False,False,True,True,False,False,False,False,False,True,False,False,False,True,False,True,True,True,False,True
959,True,False,True,False,True,False,True,False,False,False,True,True,False,False,False,True,False,False,False,False,True,False,False,False,False,False,False,False,False,False,True
960,False,False,False,False,False,True,False,False,False,False,False,False,False,False,False,False,False,False,False,False,False,False,False,False,False,True,False,True,False,True,True
961,False,True,False,True,False,False,False,False,False,False,False,False,False,False,False,True,True,True,True,False,False,True,True,False,False,False,False,False,False,False,False
962,False,True,False,True,False,False,False,False,False,False,False,False,False,False,True,False,False,False,False,False,False,False,False,False,False,False,False,False,True,True,True
963,True,True,True,True,False,False,False,False,False,True,False,True,True,False,False,True,False,False,False,False,False,False,False,False,False,False,False,False,False,False,False
964,True,False,False,True,False,False,False,False,True,False,False,False,False,False,True,True,False,False,False,False,False,False,True,False,False,False,False,False,False,False,False
965,True,True,True,False,False,True,True,False,False,False,True,False,False,False,False,False,False,False,False,True,False,False,False,False,False,False,False,False,False,False,False
966,False,False,False,True,False,True,True,False,False,False,False,False,False,True,False,False,False,False,False,False,False,False,False,False,True,False,True,False,False,False,False
967,True,False,True,True,True,False,True,True,False,True,False,False,False,False,False,False,False,False,False,True,True,False,False,False,False,False,False,False,False,False,False
968,False,False,False,False,False,True,False,False,False,False,False,False,False,False,False,False,False,False,False,False,False,False,False,False,False,True,True,False,False,True,True
969,True,True,True,False,True,True,True,True,True,True,False,False,True,False,False,False,False,False,False,True,True,False,False,False,False,False,True,False,False,False,True
970,True,True,False,True,False,False,True,False,True,False,True,False,False,True,True,False,False,False,False,False,True,False,False,False,True,False,True,False,False,False,False
971,False,False,False,False,False,False,False,False,False,False,False,False,False,False,False,False,False,False,False,False,True,False,False,False,True,False,True,False,True,False,True
972,True,True,True,False,True,False,False,False,True,True,False,False,False,True,True,False,False,True,False,False,False,False,False,False,True,True,True,False,False,True,False
973,True,True,False,True,False,True,False,False,False,True,False,False,False,False,False,False,False,False,False,False,False,False,False,False,False,False,False,False,False,False,False
974,True,False,False,False,False,False,False,False,False,False,True,False,False,True,False,True,False,True,False,True,True,False,False,False,True,False,True,False,False,False,False
975,True,False,True,False,False,True,False,False,True,True,True,False,False,False,False,False,False,False,False,True,True,False,False,False,False,True,False,False,False,True,False
976,False,False,False,False,False,True,False,False,False,False,False,False,False,True,False,False,False,False,False,False,False,False,False,False,False,True,True,False,False,True,True
977,False,False,False,False,False,False,False,False,False,False,False,False,False,False,True,False,True,False,False,False,False,False,True,False,False,True,True,False,False,False,True
978,True,True,True,True,False,False,False,True,False,True,True,True,False,True,True,True,False,True,False,True,True,True,False,False,False,False,False,False,False,False,True
979,False,False,False,False,False,True,False,False,False,False,False,False,False,False,False,False,False,False,False,False,False,False,False,False,False,True,False,False,False,True,True
980,True,True,True,False,True,False,False,True,True,True,True,False,False,True,True,False,False,False,False,True,True,False,False,False,True,False,True,False,False,False,False
981,False,True,False,False,False,True,False,False,False,False,False,False,False,True,True,False,False,False,False,True,False,True,False,False,False,True,True,False,False,False,False
982,True,True,False,False,False,True,False,False,False,False,True,False,False,False,True,False,False,False,False,False,False,False,False,False,False,False,False,False,False,False,False
983,False,False,False,False,False,True,False,False,False,False,False,False,False,False,False,True,False,False,True,False,False,False,True,False,False,False,False,False,False,False,True
984,False,False,False,False,False,False,False,False,False,False,False,False,False,False,False,False,False,False,False,False,False,False,False,False,False,True,False,False,False,True,True
985,False,False,False,False,False,False,False,False,True,False,False,False,False,True,False,False,False,False,False,False,False,False,False,False,False,False,True,False,False,True,False
986,False,False,False,False,False,True,False,False,True,True,False,False,False,False,False,False,False,False,False,True,True,False,False,False,True,False,True,False,True,True,True
987,False,True,False,True,False,False,False,False,False,False,False,False,True,False,False,False,False,True,False,False,False,True,False,False,False,False,False,False,True,False,False
988,False,False,False,False,False,False,False,False,True,False,False,False,False,False,False,False,False,False,False,True,True,False,False,True,False,False,False,False,True,True,True
989,True,True,False,True,False,True,False,False,False,False,False,False,False,False,False,False,False,False,False,False,False,False,False,False,False,False,False,False,False,False,False
990,True,True,False,True,False,False,False,False,False,False,False,False,False,True,True,False,False,False,False,False,False,False,False,False,False,True,True,False,False,False,False
991,False,True,False,True,False,False,False,True,False,False,False,False,False,True,True,False,False,False,False,True,False,False,False,False,False,True,False,False,False,False,False
992,False,False,False,False,False,True,False,False,False,False,False,False,False,False,True,True,False,False,False,False,False,False,False,False,False,True,True,True,False,True,True
993,False,False,False,False,False,False,False,False,False,False,False,False,False,True,False,False,False,True,False,False,False,False,False,False,False,True,True,False,False,False,False
994,True,True,True,True,True,True,True,True,False,True,False,False,True,False,True,False,False,False,False,False,False,False,False,False,False,False,False,False,False,False,False
995,False,False,False,False,False,True,False,False,False,False,False,False,False,True,True,False,False,False,False,True,False,False,False,True,True,True,True,False,False,False,False
996,False,False,False,False,False,False,False,False,True,False,False,False,False,False,False,False,False,False,False,True,True,False,False,False,True,False,True,False,True,False,True
997,True,True,False,True,False,False,False,False,False,False,False,False,False,False,False,False,False,False,False,False,False,False,False,False,False,False,False,False,False,False,False
998,True,True,False,False,False,True,False,False,False,False,True,False,False,True,False,True,False,False,True,False,False,False,False,False,False,False,False,False,False,False,False
999,True,True,False,False,False,True,False,False,True,False,True,False,False,False,False,False,False,False,False,False,True,False,False,False,False,True,False,False,False,False,False
1000,False,False,False,False,False,True,False,False,False,True,False,False,False,False,False,False,False,False,False,False,False,False,False,False,False,True,True,False,True,False,True
1001,True,True,True,True,False,True,True,True,False,True,False,True,True,False,True,True,False,False,False,False,False,False,False,False,False,False,False,False,False,False,False
1002,True,True,False,True,False,False,False,False,True,False,False,False,False,False,True,True,False,True,False,False,False,False,False,False,False,False,False,False,False,False,False
1003,False,False,False,True,False,False,True,True,False,True,False,False,False,False,True,False,False,True,False,False,False,False,False,False,False,False,False,False,False,False,False
1004,False,True,False,False,False,True,False,False,False,False,False,False,False,False,True,True,False,True,True,False,False,True,False,False,False,False,False,False,False,False,False
1005,True,True,True,True,True,False,True,True,False,True,False,True,True,False,True,True,False,False,False,False,False,False,False,False,False,False,False,False,False,False,True
1006,True,False,False,True,False,True,False,False,False,False,True,False,False,True,False,True,False,False,False,True,True,False,False,False,True,False,True,False,False,False,False
1007,False,False,False,False,False,False,False,False,False,True,False,False,False,False,False,False,False,False,False,False,False,False,False,False,True,False,True,False,False,False,False
1008,False,False,False,False,False,False,False,False,False,False,False,False,False,False,False,False,False,False,False,True,True,False,False,False,False,False,True,False,False,True,False
1009,True,True,True,True,True,False,False,False,False,True,True,True,False,False,False,False,False,False,False,True,False,True,False,False,False,False,False,False,False,False,False
1010,True,False,True,False,True,False,False,False,False,False,True,True,False,False,False,True,False,False,False,True,False,False,False,False,False,False,True,False,False,True,False
1011,True,False,True,False,False,True,True,True,False,True,False,False,True,False,True,False,False,True,False,False,False,False,False,False,True,False,True,False,False,False,False
1012,True,True,False,True,False,True,False,False,False,True,False,False,False,False,True,False,False,True,False,False,False,True,False,False,True,False,True,False,False,True,False
1013,False,False,False,False,False,True,False,True,True,True,False,False,False,False,False,False,False,False,False,False,False,False,False,False,True,False,True,False,False,False,False
1014,False,True,False,True,False,True,False,False,False,False,False,False,False,False,True,False,False,False,False,True,True,False,False,False,False,False,True,False,False,False,False
1015,False,False,False,False,False,False,False,False,True,False,False,False,False,False,True,False,False,False,False,False,False,False,False,False,False,True,False,False,False,True,False
1016,True,True,False,True,False,True,True,False,False,False,True,False,False,False,False,False,False,False,False,False,True,False,False,False,False,False,False,False,False,False,False
1017,False,False,False,False,False,True,False,False,False,False,False,False,False,True,True,False,False,True,False,False,False,True,False,False,False,True,True,False,False,True,True
1018,False,False,False,False,False,False,False,False,False,False,False,False,False,False,False,True,False,False,False,True,False,False,False,False,False,False,False,True,False,False,True
1019,True,True,True,False,True,False,False,True,True,True,True,False,True,False,False,False,False,False,False,False,True,False,False,False,False,False,False,False,False,False,True
1020,False,False,False,False,False,False,False,False,False,False,False,False,False,False,False,False,False,False,False,True,False,False,False,False,False,True,True,False,False,False,True
1021,True,True,True,False,False,True,False,True,False,True,True,False,False,False,False,False,False,False,False,False,True,False,False,False,False,False,False,False,False,False,False
1022,False,False,False,False,False,False,False,False,True,False,False,False,False,False,False,False,False,False,False,False,False,False,False,False,False,False,False,False,False,False,False
1023,True,False,True,False,False,False,False,False,True,True,False,True,True,True,True,True,False,False,False,False,False,False,False,False,False,True,True,False,False,False,False
1024,False,False,False,False,False,True,False,False,True,False,True,False,False,False,False,False,False,False,False,True,True,False,False,False,False,True,False,False,False,False,False
1025,False,False,False,False,False,False,False,False,False,False,False,False,False,True,False,False,False,False,False,True,True,False,False,False,True,False,True,False,True,True,True
1026,False,False,False,False,False,False,False,False,False,False,False,False,False,False,False,False,False,False,False,False,True,False,False,False,False,True,True,False,True,True,True
1027,True,True,False,True,False,False,True,False,True,True,True,False,False,False,True,False,False,True,False,False,True,True,False,False,True,False,True,False,False,False,False
1028,False,False,False,False,False,True,False,False,False,False,False,False,False,False,True,False,False,True,False,False,False,False,False,False,True,False,True,False,False,False,False
1029,True,True,True,False,False,False,True,True,True,True,True,True,False,False,False,True,False,False,False,False,True,False,False,False,False,False,False,False,False,False,False
1030,True,False,True,False,True,False,True,True,True,True,False,True,True,False,True,True,False,False,False,False,True,False,False,False,False,False,False,False,False,False,False
1031,False,False,False,False,False,False,False,True,False,False,False,False,False,False,True,False,False,False,False,True,True,False,False,False,True,False,True,False,True,True,True
1032,False,True,False,True,False,True,False,False,False,False,False,False,False,True,True,False,False,True,False,False,False,True,True,False,False,False,False,False,False,False,False
1033,False,False,False,False,False,False,False,False,False,False,False,False,False,False,False,False,False,False,False,False,False,False,False,False,False,False,False,False,True,False,True
1034,True,False,False,False,False,True,False,False,True,False,True,False,False,True,False,False,False,False,False,False,True,False,False,False,False,True,True,False,False,True,False
1035,False,False,False,False,False,False,False,False,False,False,False,False,False,False,False,False,False,False,False,False,False,False,False,False,False,False,False,False,True,True,True
1036,True,False,False,False,False,True,False,False,True,True,False,False,False,False,True,True,False,False,False,False,False,False,False,False,False,False,False,False,False,False,False
1037,False,False,False,False,False,False,False,False,False,False,False,False,True,False,False,False,False,False,False,False,False,False,False,False,False,False,False,False,False,False,False
1038,False,False,False,False,False,True,False,False,False,False,False,False,False,False,False,False,False,False,False,True,False,False,False,False,False,False,True,False,False,True,True
1039,False,False,False,False,False,False,False,False,False,False,False,False,False,True,False,False,False,False,False,True,True,False,False,False,False,True,True,False,False,False,False
1040,False,False,False,False,False,False,False,True,True,False,False,False,False,False,False,False,False,False,False,False,False,False,False,False,False,True,False,True,True,True,False
1041,True,False,True,False,True,False,True,True,True,True,False,False,True,False,False,False,False,False,False,False,False,False,False,False,False,False,False,False,False,False,False
1042,True,True,False,True,False,True,False,False,False,False,True,False,False,False,False,False,False,False,False,False,False,False,False,False,False,False,False,False,False,False,False
1043,False,False,False,False,False,False,False,False,False,False,False,False,False,False,False,False,False,True,False,True,True,False,False,False,False,True,True,False,False,True,False
1044,False,False,False,False,False,False,False,False,False,True,False,False,False,False,False,False,False,True,False,False,False,False,False,False,False,True,True,True,True,True,True
1045,False,False,False,False,False,False,False,False,False,False,False,False,False,False,False,False,False,False,False,False,False,False,False,False,False,True,True,False,False,False,True
1046,False,False,False,False,False,True,False,False,True,False,False,False,False,False,True,False,False,True,False,False,False,True,False,False,True,False,True,False,False,False,False
1047,True,True,False,False,False,True,False,False,True,False,True,False,False,True,False,False,False,True,False,False,True,False,False,False,True,True,True,False,False,False,False
1048,True,True,True,False,False,True,False,False,True,True,True,False,False,False,False,False,False,False,False,True,True,False,False,False,False,True,False,False,False,True,False
1049,False,False,False,False,False,False,False,False,False,False,False,False,False,False,True,False,False,False,False,True,True,False,False,False,True,False,True,False,False,False,False
1050,False,False,False,False,False,False,False,False,False,True,False,False,False,False,False,False,False,False,False,False,False,False,False,False,False,False,True,False,True,False,True
1051,False,False,False,False,False,False,False,True,False,True,False,False,False,False,False,False,False,False,False,True,True,False,False,False,True,False,False,False,False,False,False
1052,True,False,True,False,False,True,False,False,False,True,True,False,False,False,False,False,False,False,False,True,True,False,False,False,True,False,True,False,False,False,False
1053,True,False,True,False,True,True,True,True,True,True,False,True,True,False,False,True,False,False,False,False,False,False,False,False,False,False,False,False,False,False,False
1054,True,True,True,False,True,False,True,True,False,True,False,True,True,False,False,True,False,False,False,False,False,False,False,False,False,False,False,False,False,False,False
1055,False,False,False,False,False,True,False,False,False,False,False,False,False,False,True,True,False,False,False,False,False,False,False,False,False,False,True,False,False,True,True
1056,True,True,True,False,False,True,True,False,True,False,True,False,False,True,True,False,False,True,False,True,True,False,False,False,True,True,True,False,False,True,True
1057,True,True,False,False,False,True,False,False,True,False,False,False,False,False,False,True,False,False,False,False,False,False,False,False,False,False,False,False,False,False,False
1058,False,False,False,False,False,True,False,False,False,False,False,False,False,False,True,False,False,False,False,True,False,False,False,False,True,False,True,False,False,True,True
1059,False,False,False,False,False,False,False,False,False,True,False,False,False,False,True,False,False,False,False,False,False,False,False,False,False,True,True,False,True,False,False
1060,False,False,False,False,False,False,False,False,False,False,False,False,False,False,False,False,False,True,False,False,False,False,False,False,False,False,True,False,False,False,False
1061,False,False,False,False,False,True,True,False,True,True,False,False,True,False,False,False,False,True,False,False,False,True,False,False,True,False,True,False,True,True,True
1062,True,False,False,False,False,True,False,False,True,False,False,False,False,True,False,True,False,False,False,False,False,True,False,False,False,False,False,False,False,False,False
1063,False,False,False,False,False,True,False,False,False,False,False,False,False,False,False,False,False,True,False,True,False,True,False,False,False,False,False,False,False,False,True
1064,True,True,True,False,True,False,True,True,True,True,True,False,True,False,True,False,False,False,False,True,True,False,False,False,False,False,False,False,False,False,True
1065,True,False,True,False,True,False,True,True,False,True,False,True,True,False,True,False,False,True,False,False,False,False,False,False,False,False,True,False,False,False,False
1066,False,False,False,False,False,True,False,False,False,False,False,False,False,False,False,False,False,False,False,True,False,False,False,False,False,True,True,False,False,False,True
1067,False,False,False,True,False,False,False,False,False,False,False,False,False,False,False,False,False,True,False,False,True,True,False,False,False,True,True,False,True,True,True
1068,True,False,True,False,False,True,True,True,True,True,False,False,True,False,False,False,False,False,False,False,False,False,False,False,False,False,False,False,False,False,False
1069,False,False,False,False,False,False,False,False,True,False,False,False,False,False,False,False,False,True,False,True,True,False,False,False,False,True,True,False,True,True,True
1070,False,False,False,True,False,True,False,False,False,False,False,False,False,False,False,True,False,False,False,False,False,False,False,False,False,False,False,False,False,False,True
1071,True,True,True,False,True,True,True,False,False,False,True,True,False,False,False,True,False,False,True,False,False,False,False,False,False,False,False,False,False,False,False
1072,False,False,False,True,False,False,False,False,False,False,False,False,False,False,True,False,False,False,False,False,False,False,False,False,False,True,True,False,False,False,False
1073,False,False,False,False,False,False,False,False,False,False,False,False,False,False,False,False,False,False,False,False,True,False,False,False,False,True,False,False,True,True,True
1074,False,False,False,False,False,True,False,False,False,False,False,False,False,False,False,False,False,True,False,False,False,False,False,False,False,True,True,False,True,True,True
1075,False,False,False,False,False,False,False,False,False,True,False,False,False,True,False,False,False,True,False,False,False,False,False,False,True,False,True,False,True,True,False
1076,True,False,False,False,False,True,False,False,False,True,False,False,False,False,False,True,False,False,False,False,False,False,False,False,False,False,True,False,False,True,False
1077,False,False,False,False,False,True,False,False,False,False,False,False,True,False,False,False,False,False,False,False,False,True,False,False,False,False,True,False,False,False,False
1078,False,False,False,False,False,False,False,False,False,False,False,False,False,False,False,False,False,False,False,True,True,False,False,False,False,False,True,False,True,False,True
1079,False,False,False,False,False,False,False,False,False,False,False,False,False,True,False,False,False,False,False,True,True,False,False,False,False,False,True,False,False,False,False
1080,False,False,False,False,False,True,False,False,False,False,False,False,False,False,False,False,False,False,False,True,False,False,False,False,False,False,False,False,False,False,False
1081,True,False,False,False,False,True,False,False,False,False,True,False,False,True,False,False,False,False,False,False,False,False,False,False,False,True,True,False,False,False,True
1082,True,True,True,False,False,True,False,False,False,False,True,True,True,False,False,True,False,False,False,True,False,False,True,False,False,False,True,False,False,False,False
1083,False,False,False,True,False,False,False,False,False,False,False,False,False,False,False,False,False,False,False,False,False,False,False,False,False,True,False,False,False,True,False
1084,True,False,True,False,False,False,True,False,True,False,False,False,True,False,False,False,True,False,False,False,False,False,True,False,False,False,True,False,False,False,False
1085,True,False,False,False,False,False,False,False,False,False,True,False,False,False,False,True,False,False,False,False,True,False,False,False,False,False,True,False,False,False,False
1086,True,False,True,False,True,False,False,True,False,True,True,True,False,False,False,False,False,False,False,False,True,False,False,False,False,False,False,False,False,False,False
1087,True,False,False,True,False,False,False,False,False,False,False,False,False,False,True,False,False,True,False,False,False,True,False,False,False,False,False,False,False,False,False
1088,False,False,False,False,False,False,False,False,False,False,False,False,False,False,True,False,False,False,False,False,False,False,False,False,False,True,True,False,False,True,False
1089,False,False,False,False,False,False,False,False,True,False,False,False,False,False,True,False,False,False,False,True,True,False,False,False,True,False,True,False,False,False,False
1090,False,False,False,False,False,False,False,False,True,False,False,False,True,True,False,False,False,False,False,False,False,False,False,False,True,False,True,False,False,False,False
1091,False,False,False,False,False,True,False,False,False,False,False,False,False,True,False,False,False,False,False,True,False,False,False,False,True,False,True,False,False,False,True
1092,True,False,False,True,False,True,False,False,False,False,True,False,False,False,True,False,False,False,False,True,False,False,False,False,False,True,True,False,False,True,False
1093,False,False,False,False,False,False,False,False,False,False,False,False,False,True,False,False,False,False,False,False,False,False,False,False,False,True,False,False,False,True,True
1094,True,True,True,False,False,True,False,False,True,False,False,True,False,False,False,True,False,False,False,False,False,False,False,False,False,False,False,False,False,False,False
1095,True,False,False,False,False,False,False,True,True,False,True,False,False,False,True,False,False,False,False,False,True,False,False,False,False,True,False,False,False,False,True
1096,False,False,False,False,False,False,False,False,False,False,False,False,False,False,False,False,False,False,False,False,False,False,False,False,True,False,True,False,False,False,False
1097,False,False,False,False,False,False,False,False,False,False,False,False,False,False,False,False,False,True,False,False,True,False,False,False,False,True,True,False,False,True,True
1098,False,True,False,False,False,False,False,True,False,False,False,False,False,False,False,False,False,False,False,True,True,False,False,False,False,False,False,False,False,False,False
1099,True,False,True,False,False,True,False,False,True,True,True,False,False,False,False,False,False,False,False,True,True,False,False,False,False,False,False,False,False,False,False
1100,False,False,False,False,False,True,False,False,False,False,True,False,False,True,True,False,False,False,False,True,False,False,False,False,False,True,True,False,False,False,False
1101,False,False,False,True,False,False,False,False,True,False,False,False,False,False,True,False,False,False,False,True,True,False,False,False,False,False,False,False,False,False,False
1102,False,False,False,False,False,False,False,False,True,False,True,False,False,True,False,False,False,False,False,True,True,False,False,False,False,True,False,False,True,False,True
1103,True,True,False,True,False,True,False,False,True,False,True,False,False,False,False,False,False,False,False,True,True,False,False,False,False,False,False,False,False,False,False
1104,True,True,True,True,False,True,False,False,False,True,True,True,False,False,True,True,False,False,False,True,True,False,False,False,False,True,False,False,False,False,False
1105,True,False,True,False,False,False,True,True,False,True,True,False,True,False,True,False,False,False,False,True,True,False,False,False,False,False,True,False,False,False,False
1106,False,True,False,False,False,False,False,True,False,True,False,False,False,False,False,True,False,False,False,False,True,False,False,False,False,False,False,False,False,False,False
1107,False,False,False,False,False,True,False,False,False,False,False,False,False,False,True,False,False,False,False,True,False,False,False,False,False,True,False,False,False,False,True
1108,False,False,False,False,False,False,False,False,False,False,False,False,False,False,False,False,False,False,False,True,True,False,False,False,False,False,False,False,False,False,False
1109,True,True,False,True,False,False,False,False,False,False,False,False,False,False,False,False,False,False,False,False,False,False,False,False,True,False,True,False,False,False,False
1110,False,False,False,False,False,False,False,False,False,True,False,False,False,False,False,False,False,False,False,False,False,False,False,False,False,True,True,False,True,False,True
1111,True,True,True,False,True,False,True,False,False,False,True,False,False,False,False,True,False,False,False,False,False,False,False,False,False,False,False,True,False,False,False
1112,False,False,False,False,False,True,False,False,False,False,False,False,False,False,False,False,False,False,False,False,False,False,False,False,False,False,False,False,True,True,True
1113,False,False,False,False,False,True,False,False,False,True,False,False,False,True,False,False,False,False,False,False,True,False,False,False,False,False,False,False,True,False,True
1114,False,False,False,False,False,False,False,True,False,False,False,False,False,False,False,True,False,False,False,False,False,False,False,False,False,False,False,True,True,False,True
1115,False,False,False,False,False,False,False,False,True,False,False,False,False,False,False,False,False,False,False,True,False,False,False,False,False,False,False,False,False,False,False
1116,False,True,False,False,False,True,False,False,False,False,False,False,False,False,False,False,False,False,False,False,False,False,False,False,False,False,True,False,False,False,True
1117,True,True,True,True,False,True,False,False,False,True,True,True,False,False,True,False,False,True,False,True,True,True,True,False,False,False,False,False,False,False,False
1118,False,False,False,False,False,False,False,False,False,True,False,False,False,False,False,False,False,False,False,False,False,False,False,False,False,False,False,False,False,False,False
1119,True,False,False,False,False,False,False,False,False,False,False,False,False,False,False,False,False,True,False,False,False,False,False,False,True,False,True,False,False,False,False
1120,False,False,False,False,False,False,False,False,False,True,False,False,False,False,False,False,False,False,False,False,False,False,False,False,False,False,False,True,True,False,True
1121,False,False,False,False,False,False,False,False,False,False,False,False,False,False,False,False,False,False,False,False,False,False,False,False,False,False,True,False,False,False,False
1122,False,False,False,False,False,True,False,False,False,False,False,False,False,False,True,False,False,True,False,True,False,False,False,False,False,True,True,False,False,True,True
1123,True,False,False,False,False,False,False,False,True,False,True,False,False,True,False,False,False,True,False,True,True,True,False,False,False,True,True,False,False,False,False
1124,False,False,False,False,False,False,False,False,False,False,False,False,False,False,False,False,False,False,False,False,False,False,False,False,False,False,False,False,False,False,False
1125,False,False,False,False,False,False,False,False,True,True,False,False,True,False,False,False,False,False,False,False,False,False,False,False,False,False,False,False,True,False,True
1126,False,False,False,False,False,True,False,False,False,False,False,False,False,True,True,True,False,False,False,True,True,False,False,False,False,True,True,False,False,False,False
1127,False,True,False,True,False,False,False,False,False,False,False,False,False,True,True,False,False,True,False,False,False,True,False,False,True,True,True,False,False,True,False
1128,False,False,False,False,False,True,False,False,False,False,False,False,False,False,False,False,False,False,False,False,False,False,False,False,False,True,True,False,False,True,True
1129,True,False,False,False,False,True,False,True,False,False,False,False,False,False,False,False,False,False,False,False,False,False,False,False,False,False,False,False,False,False,False
1130,True,False,True,False,True,False,False,False,False,False,True,False,False,True,False,False,False,False,False,False,False,False,False,False,False,True,True,False,False,True,False
1131,True,False,True,False,True,True,True,True,False,True,True,True,True,False,True,True,False,False,False,True,True,False,False,False,False,False,False,False,False,False,False
1132,False,False,False,False,False,True,False,False,False,False,False,False,False,False,False,False,False,False,False,False,False,False,False,False,False,True,True,False,False,False,False
1133,True,True,True,False,False,False,False,True,False,False,False,False,False,False,False,False,False,False,False,False,False,False,False,False,False,False,True,False,False,False,False
1134,False,False,False,False,False,False,False,False,False,False,False,False,False,False,True,False,False,False,False,False,False,False,False,False,False,True,False,False,True,True,True
1135,True,True,True,False,False,True,False,True,True,True,True,True,False,False,True,True,False,False,True,True,True,False,True,False,False,False,True,False,False,False,False
1136,True,True,True,False,False,False,True,True,True,True,False,True,True,False,False,True,False,False,False,False,False,False,False,True,False,False,False,False,False,False,False
1137,True,True,True,True,False,False,True,True,True,True,True,True,True,False,False,True,False,False,False,True,True,False,False,False,False,False,False,False,False,False,False
1138,True,True,False,False,False,False,False,False,False,False,True,False,False,False,False,False,False,False,False,False,False,False,False,False,False,True,False,False,False,True,False
1139,False,False,False,False,False,True,False,False,False,False,False,False,False,False,False,False,False,False,False,False,False,False,False,False,False,True,True,False,False,False,False
1140,False,False,False,False,False,False,False,False,False,False,False,False,False,True,True,True,False,False,False,True,False,False,False,True,False,False,True,False,False,False,True
1141,False,False,False,False,False,True,False,False,False,False,False,False,False,True,True,False,False,False,False,True,True,False,False,False,False,True,True,False,False,False,False
1142,False,False,False,False,False,True,False,False,False,False,False,False,False,False,False,False,False,True,False,False,False,False,False,False,False,True,True,False,False,True,True
1143,True,False,False,False,False,True,False,False,False,False,True,False,False,False,False,True,False,False,False,True,False,False,False,False,False,False,True,False,False,False,False
1144,False,False,False,False,False,False,False,True,False,True,False,False,False,False,True,False,False,False,False,True,True,False,False,False,True,False,True,False,True,True,True
1145,True,True,True,True,False,True,True,True,True,True,False,False,True,False,True,False,False,False,False,False,False,False,False,False,False,False,False,False,False,False,False
1146,True,True,True,True,True,True,True,False,False,False,True,True,False,False,False,True,False,True,False,True,False,False,False,False,False,False,False,False,False,False,False
1147,False,False,False,False,False,True,False,False,False,False,False,False,False,False,False,False,False,False,False,True,False,False,False,False,False,True,True,False,False,True,True
1148,False,False,False,True,False,False,False,False,True,False,False,False,False,False,False,False,False,False,False,True,True,False,False,False,False,True,False,False,False,True,False
1149,True,False,False,False,False,True,False,False,True,False,True,False,False,True,False,False,False,False,False,True,True,False,False,False,False,True,True,False,False,False,False
1150,True,False,False,True,False,True,False,False,False,True,True,False,False,False,False,False,False,False,False,True,True,True,False,False,False,False,False,False,False,False,False
1151,True,True,True,False,True,True,False,False,False,False,True,False,False,True,True,False,False,False,False,True,False,False,False,False,False,True,True,False,False,False,False
1152,False,True,False,True,False,True,False,True,False,False,False,False,False,False,False,False,False,False,False,True,True,True,False,False,False,False,False,False,False,False,False
1153,True,False,False,False,False,True,False,False,False,False,True,False,False,True,False,False,False,False,False,True,False,False,False,False,True,False,True,False,False,True,False
1154,False,False,False,False,False,False,False,False,False,False,True,False,False,False,False,False,False,False,False,True,False,False,False,False,False,True,True,False,True,False,True
1155,False,False,False,False,False,False,False,False,False,True,False,False,False,False,True,False,False,False,False,False,False,False,False,False,True,False,True,False,True,False,True
1156,True,True,False,False,False,False,False,False,True,False,False,False,False,False,True,True,False,False,False,False,False,False,False,False,False,False,False,False,False,False,False
1157,True,True,False,False,False,True,False,True,False,False,False,False,True,False,False,False,False,False,False,False,False,False,False,False,False,False,False,False,False,False,False
1158,True,False,True,True,False,True,True,False,False,False,True,True,False,False,False,False,False,False,False,False,False,False,False,False,False,False,False,False,False,False,False
1159,False,False,False,False,False,False,False,False,True,False,False,False,False,False,False,False,False,False,True,False,False,False,True,False,False,False,False,False,False,False,False
1160,True,True,True,False,True,False,True,False,True,False,True,False,False,True,True,False,False,False,False,False,True,False,False,False,False,True,False,False,False,True,False
1161,False,False,False,False,False,False,False,False,False,True,False,False,False,False,False,False,False,False,False,False,False,False,False,False,False,True,False,False,True,True,True
1162,False,False,False,False,False,False,False,False,False,False,False,False,False,False,False,True,False,False,False,True,False,False,False,False,False,True,False,False,False,False,False
1163,True,True,False,True,False,False,False,False,False,False,False,False,True,False,True,True,False,False,False,False,False,False,False,False,False,False,False,False,False,False,False
1164,False,False,False,False,False,False,False,False,False,False,True,False,True,True,False,False,False,False,False,False,True,False,False,False,False,False,False,False,False,False,False
1165,False,True,False,True,False,False,False,False,False,False,False,False,False,True,True,False,False,True,False,True,False,False,False,False,False,False,True,False,False,True,True
1166,True,False,True,False,False,True,False,False,False,False,True,True,False,True,True,True,False,False,True,False,False,False,False,False,False,False,True,False,False,False,False
1167,True,True,False,False,False,True,False,False,False,False,False,False,True,False,False,True,True,True,True,False,False,True,True,False,True,False,True,False,False,False,False
1168,False,False,False,False,False,False,False,False,False,False,False,False,False,True,False,False,False,False,False,False,False,False,False,False,True,True,True,True,True,False,True
1169,False,False,False,False,False,True,False,False,False,True,False,False,False,False,False,True,False,False,True,False,True,False,False,False,False,False,False,False,True,False,True
1170,False,False,False,False,False,False,False,False,False,False,False,False,False,False,False,False,False,False,False,True,True,False,False,False,False,True,False,False,True,True,True
1171,False,False,False,False,False,True,False,False,True,False,False,False,False,True,False,False,False,True,False,False,True,False,False,False,False,True,True,False,False,False,True
1172,False,False,False,False,False,True,False,True,True,False,False,False,False,False,False,False,False,False,False,True,True,False,False,False,False,True,False,False,True,True,True
1173,False,False,False,False,False,False,False,False,False,False,False,False,False,False,True,False,False,False,False,False,False,False,False,False,False,True,True,False,True,True,True
1174,False,False,False,False,False,False,False,False,True,False,False,False,False,False,False,False,False,False,False,False,False,False,False,False,False,True,True,False,True,False,True
1175,False,False,False,False,False,False,False,False,False,True,False,False,False,False,False,False,False,False,True,False,True,False,True,False,False,False,True,False,True,False,True
1176,True,False,False,False,False,True,False,False,False,True,True,False,False,False,False,True,False,False,False,True,True,False,False,True,False,False,False,False,False,False,False
1177,False,False,False,False,False,True,False,False,False,False,True,False,False,False,False,False,False,False,False,True,False,False,False,False,False,False,False,False,False,False,False
1178,False,False,False,False,False,False,False,False,False,False,False,False,False,False,False,False,False,False,False,False,True,False,False,False,False,True,True,False,True,True,True
1179,False,False,False,False,False,True,False,False,False,False,False,False,False,False,False,False,False,False,False,False,False,False,False,False,False,False,True,False,False,False,True
1180,True,True,True,False,False,True,False,False,True,True,True,True,False,True,False,False,False,False,False,True,True,False,False,False,False,True,True,False,False,False,False
1181,False,False,False,False,False,True,False,False,False,False,False,False,False,False,False,False,False,False,False,True,False,False,False,False,False,True,True,False,False,True,True
1182,False,False,False,False,False,False,False,False,False,False,False,False,False,False,False,False,False,False,False,False,False,False,False,False,False,False,False,False,True,False,False
1183,True,False,False,False,False,True,False,False,True,False,False,False,False,False,False,False,False,False,False,False,False,False,False,False,True,False,True,False,False,False,False
1184,False,True,False,False,False,True,False,False,False,True,False,False,False,True,True,False,False,False,False,False,False,False,False,False,True,False,True,False,False,False,False
1185,False,False,False,False,False,False,False,False,True,False,False,False,False,False,False,False,False,False,False,False,False,False,False,False,False,False,False,False,False,False,False
1186,False,False,False,False,False,False,False,False,False,False,False,False,False,False,False,False,False,False,False,False,True,False,False,False,False,True,True,False,True,False,True
1187,False,False,False,False,False,False,False,False,True,False,False,False,False,True,False,False,False,False,False,False,False,False,False,False,False,True,True,False,False,False,False
1188,False,False,False,False,False,True,False,False,False,False,False,False,False,True,False,False,False,False,False,True,True,False,False,False,True,False,True,False,False,False,False
1189,True,False,False,False,False,True,False,False,True,False,False,False,False,False,False,False,False,False,False,False,False,False,False,False,False,False,False,False,False,False,False
1190,True,False,True,False,True,True,True,True,True,True,False,True,True,False,False,True,False,False,True,True,True,False,False,False,False,False,True,False,False,False,False
1191,False,False,False,False,False,True,False,False,False,False,False,False,False,False,False,False,False,True,False,True,False,False,False,False,False,True,True,False,False,True,True
1192,True,True,True,True,True,False,False,False,True,True,True,True,False,False,True,False,False,False,False,True,True,False,False,True,False,True,False,False,False,False,False
1193,False,True,False,False,False,True,False,False,False,False,False,False,False,False,True,False,False,False,False,False,False,False,False,True,False,False,False,False,False,False,False
1194,False,False,False,False,False,False,False,False,True,True,False,False,False,False,False,False,False,False,False,False,False,False,False,False,False,True,True,False,True,True,True
1195,True,True,True,True,False,True,True,False,True,True,False,True,False,False,True,False,False,True,True,False,False,False,True,False,False,False,False,False,False,False,False
1196,False,False,False,False,False,True,False,False,False,False,False,False,False,False,True,False,False,True,False,False,False,False,False,False,False,True,True,False,False,True,True
1197,True,False,True,False,False,True,False,False,True,True,False,True,False,False,False,False,False,False,True,False,False,False,False,False,False,False,False,False,False,False,False
1198,True,True,False,True,False,True,False,False,True,False,False,True,True,False,False,True,False,False,True,False,False,False,False,False,False,False,True,False,False,False,False
1199,False,False,False,False,False,True,False,False,False,False,False,False,False,True,False,False,False,False,False,False,False,False,False,False,True,False,True,False,False,True,True
1200,False,False,False,True,False,False,False,True,False,False,False,False,False,False,True,False,False,True,False,False,False,False,False,False,True,False,True,False,True,False,True
1201,False,False,False,False,False,False,False,False,False,False,False,False,False,False,False,False,False,False,False,True,True,False,False,False,False,True,False,False,True,False,True
1202,False,False,False,False,False,False,False,False,False,False,False,False,False,True,True,False,False,False,False,False,False,False,False,False,True,False,True,False,False,False,True
1203,True,True,False,False,False,True,False,False,True,False,True,False,False,True,False,False,False,True,False,True,False,True,False,False,False,False,True,False,False,True,False
1204,True,True,False,True,False,True,False,True,False,False,True,False,True,False,False,False,False,False,False,False,True,False,False,False,False,False,False,False,False,False,False
1205,True,True,False,True,False,True,False,False,False,False,True,False,False,False,False,False,False,False,False,True,False,False,False,False,True,False,False,False,False,False,False
1206,True,False,True,False,True,True,True,False,False,False,True,True,False,False,True,True,False,False,False,False,False,False,False,False,True,False,True,False,False,False,False
1207,True,True,True,False,True,True,False,False,False,False,False,True,False,False,True,False,False,False,True,False,False,False,True,False,False,False,True,False,False,False,False
1208,False,False,False,False,False,False,False,False,False,False,False,False,False,False,False,False,False,False,False,False,False,False,False,False,False,True,True,False,True,False,True
1209,True,False,True,False,False,True,False,False,False,True,False,False,False,True,True,False,False,False,False,False,False,False,False,False,False,False,True,False,False,False,False
1210,True,True,True,True,False,True,True,True,True,True,True,False,True,False,False,False,False,False,False,False,True,False,False,False,False,False,False,False,False,False,False
1211,True,True,False,True,False,True,False,False,True,False,False,False,False,False,True,False,False,True,False,False,False,False,False,False,False,False,False,False,False,False,False
1212,False,False,False,False,False,False,False,False,False,False,False,False,False,False,False,False,False,False,False,False,False,False,False,False,False,True,True,False,False,False,False
1213,True,False,True,False,False,True,False,False,False,False,True,False,False,False,False,False,False,False,False,False,False,False,False,False,False,True,False,False,False,False,False
1214,False,False,False,True,False,False,False,False,True,False,False,False,False,False,False,False,False,True,False,False,False,False,False,False,False,True,True,False,True,False,True
1215,False,False,False,False,False,False,False,False,True,False,False,False,False,False,True,False,False,True,False,False,False,False,False,False,False,True,True,False,True,True,True
1216,False,False,False,False,False,True,False,False,False,False,False,False,False,True,False,False,False,False,False,True,False,True,False,False,True,False,True,False,False,False,False
1217,True,False,False,False,False,False,False,False,True,False,False,False,False,False,True,False,False,False,False,False,False,False,False,False,False,True,True,False,False,False,False
1218,True,True,False,False,False,False,True,False,False,True,False,False,False,False,True,False,False,False,False,False,True,False,False,False,True,False,True,False,False,True,False
1219,True,True,False,True,False,True,False,False,False,False,True,False,False,True,False,False,False,False,False,False,True,False,False,False,True,False,True,False,False,False,False
1220,True,False,False,False,False,False,False,False,True,False,False,False,False,False,False,False,False,False,False,False,False,False,False,False,False,False,False,True,False,False,False
1221,True,True,True,True,False,True,False,False,False,True,True,True,True,False,False,True,False,True,True,True,True,True,True,False,False,False,True,False,False,False,False
1222,True,False,True,False,False,True,True,True,True,True,False,True,True,False,True,True,False,False,False,False,False,False,False,False,False,False,True,False,False,False,False
1223,False,False,False,False,False,False,False,False,True,False,False,False,False,False,True,False,False,True,False,False,False,False,False,False,True,False,True,False,False,False,False
1224,False,False,False,False,False,True,False,False,False,False,False,False,False,True,False,False,False,False,False,True,False,False,False,False,False,False,False,False,False,True,False
1225,False,False,False,False,False,False,False,False,False,False,False,False,False,False,True,True,False,True,True,False,True,False,True,False,False,False,True,False,False,False,False
1226,False,True,False,False,False,False,False,False,False,False,False,False,False,True,False,True,False,False,False,False,False,False,False,False,False,False,False,False,False,False,True
1227,False,False,False,False,False,True,False,False,False,False,False,False,False,False,True,False,True,False,False,True,True,False,True,False,True,False,True,False,False,False,False
1228,True,True,True,True,True,True,True,False,False,False,True,True,False,False,False,True,False,False,False,True,False,False,False,False,False,False,False,False,False,True,False
1229,False,False,False,False,False,True,False,False,False,False,False,False,False,False,False,False,False,False,False,False,False,False,False,False,False,True,False,False,True,False,True
1230,False,False,False,False,False,False,False,False,False,True,False,False,True,False,False,False,False,False,False,False,False,False,False,False,True,False,True,False,True,False,True
1231,True,False,False,False,False,False,False,False,True,False,True,False,False,False,False,False,False,False,False,True,True,False,False,False,False,True,True,False,False,True,False
1232,False,False,False,False,False,False,False,False,False,False,False,False,False,False,False,False,False,False,False,True,True,False,False,False,False,True,False,False,True,True,True
1233,False,False,False,False,False,False,False,False,False,False,False,False,False,False,True,False,False,False,False,False,False,False,False,False,True,False,True,False,True,False,True
1234,True,True,True,False,False,True,True,True,False,True,False,False,True,False,False,False,False,False,False,False,False,False,False,False,True,False,True,False,False,False,False
1235,False,False,False,False,False,True,False,False,False,False,False,True,False,False,False,False,False,False,False,False,False,False,False,False,False,True,True,False,False,True,True
1236,True,False,False,False,False,True,False,False,True,False,True,False,False,False,False,False,False,False,False,True,True,False,False,True,False,False,False,False,False,False,False
1237,False,False,False,False,False,False,False,False,False,False,False,False,False,False,False,False,False,False,False,False,False,False,False,True,False,False,False,False,True,False,True
1238,False,False,False,False,False,False,False,False,True,False,False,False,False,False,True,False,False,False,False,False,True,False,False,False,False,True,True,False,True,False,True
1239,False,False,False,False,False,True,False,False,False,False,False,False,False,False,False,False,False,False,False,False,False,False,False,False,False,True,False,False,False,True,True
1240,True,True,True,False,True,False,True,False,False,False,False,False,True,False,False,False,True,False,False,False,False,False,True,False,False,False,False,False,False,False,True
1241,False,False,False,False,False,False,False,False,True,False,False,False,False,False,True,False,False,False,False,False,False,False,False,False,False,False,False,False,False,False,False
1242,False,False,False,False,False,False,False,False,False,False,False,False,False,False,False,False,False,False,False,False,False,False,False,False,False,False,False,False,True,True,True
1243,False,False,False,False,False,True,False,False,False,False,False,False,True,False,False,True,False,False,False,True,True,False,False,True,True,False,True,False,False,False,False
1244,False,True,False,False,False,False,False,False,False,False,False,False,False,True,True,False,False,True,False,True,True,False,False,False,True,False,True,False,False,False,False
1245,True,True,True,False,False,False,True,True,True,True,True,True,True,False,False,True,False,False,False,True,True,False,False,False,False,False,False,False,False,False,False
1246,False,False,False,False,False,True,False,False,True,False,False,False,False,False,False,False,False,True,False,True,False,False,False,False,False,True,True,True,False,False,True
1247,False,False,False,False,False,True,False,False,False,False,False,False,False,False,False,False,False,False,False,True,True,False,False,False,True,False,True,False,True,True,True
1248,False,False,False,False,False,False,False,False,True,False,False,False,False,False,False,True,False,False,False,False,False,False,False,False,False,False,True,False,True,False,False
1249,False,False,False,False,False,True,False,False,False,False,False,False,False,False,False,False,False,False,False,False,False,False,False,False,False,True,True,False,False,False,True
1250,False,False,False,False,False,False,False,False,False,False,False,False,False,False,False,False,False,False,False,False,True,False,False,False,True,False,True,False,False,False,True
1251,False,False,False,False,False,False,False,False,True,False,False,False,False,False,False,False,False,False,False,True,True,False,False,False,False,False,False,False,False,False,False
1252,False,False,False,False,False,False,False,False,True,False,False,False,False,True,False,False,False,False,False,False,True,False,False,False,True,True,True,False,False,True,False
1253,True,False,True,False,True,True,False,False,False,False,True,False,False,True,False,False,False,False,False,False,False,False,False,False,False,True,True,False,False,True,False
1254,True,False,False,False,False,True,False,False,False,False,True,False,False,False,False,True,False,True,False,True,False,True,False,False,False,False,True,False,False,False,False
1255,True,True,False,True,False,True,False,False,False,False,True,False,False,False,False,True,False,False,False,True,False,False,False,False,False,False,False,False,False,False,True
1256,False,False,False,False,False,False,False,False,False,True,False,False,False,False,False,False,False,False,False,False,False,False,False,False,True,False,True,False,True,True,False
1257,True,True,False,True,False,True,False,False,False,False,True,False,False,False,False,False,False,False,False,True,False,False,False,False,True,False,False,False,False,False,False
1258,False,False,False,False,False,True,False,False,False,True,False,False,False,False,False,False,False,False,False,False,False,False,False,False,False,False,False,False,True,False,True
1259,False,False,False,False,False,True,False,False,False,False,False,False,False,False,False,False,False,False,False,True,False,False,False,False,True,False,True,False,False,False,True
1260,False,False,False,False,False,False,False,False,False,True,False,False,True,False,False,False,False,False,False,False,False,False,False,False,False,False,True,False,False,False,False
1261,True,False,False,False,False,True,False,False,False,False,True,False,False,False,True,False,False,False,False,True,True,False,False,False,False,False,False,False,False,False,False
1262,True,True,True,False,True,False,True,True,True,True,False,True,True,False,False,True,False,False,False,False,False,False,False,False,False,False,False,False,False,False,False
1263,True,False,True,False,True,True,False,False,True,False,True,False,False,False,False,False,False,False,False,True,True,False,False,False,False,True,False,False,False,False,True
1264,True,True,False,False,False,True,True,True,True,True,True,True,False,True,True,True,False,False,False,True,True,False,False,False,True,False,True,False,False,False,False
1265,True,True,True,True,False,True,True,True,False,True,False,False,True,False,False,False,False,False,False,False,False,False,False,False,False,False,False,False,False,False,True
1266,False,False,False,False,False,False,False,False,False,False,False,False,False,False,False,False,False,False,False,False,False,False,False,False,False,False,True,False,False,False,False
1267,True,False,False,False,False,True,False,False,False,False,True,False,False,False,True,False,False,False,False,True,False,False,False,False,True,False,True,True,False,False,False
1268,False,False,False,False,False,False,False,False,False,True,False,False,False,False,False,False,False,True,False,False,False,False,False,False,False,False,True,False,True,False,True
1269,False,False,False,False,False,False,False,False,False,False,False,False,False,False,False,False,False,False,False,False,False,False,False,False,True,False,True,False,True,False,True
1270,False,False,False,False,False,False,False,False,False,True,False,False,False,False,False,False,False,False,False,False,False,False,False,False,False,True,True,False,True,False,True
1271,True,False,False,False,False,False,False,False,True,False,False,False,False,False,False,True,False,False,False,False,True,False,False,True,False,False,False,False,False,False,False
1272,False,False,False,False,False,False,False,False,False,False,False,False,False,False,True,False,False,False,False,True,False,False,False,False,False,True,False,False,False,True,True
1273,True,False,True,False,False,True,True,False,False,False,True,False,False,False,False,False,False,False,False,False,False,False,False,False,False,False,False,False,False,False,False
1274,False,False,False,False,False,True,False,False,False,True,False,False,False,False,False,True,False,True,True,False,False,False,True,False,False,False,True,False,False,False,True
1275,False,False,False,True,False,False,False,False,True,False,True,False,False,False,False,False,False,False,False,True,False,False,False,False,False,True,False,False,False,True,False
1276,False,False,False,False,False,False,False,False,False,False,False,False,False,False,False,False,False,False,False,True,False,True,False,False,False,True,False,False,False,False,False
1277,True,False,False,False,False,True,False,False,True,False,True,False,False,True,False,False,False,False,False,True,True,False,False,False,False,False,False,False,False,False,False
1278,True,True,True,True,True,False,True,True,False,True,True,False,True,False,False,False,False,False,False,True,True,True,False,False,False,False,False,False,False,False,False
1279,True,True,False,True,False,False,False,False,False,False,False,False,False,False,True,False,False,True,False,True,True,False,False,False,False,False,False,False,False,False,True
1280,True,False,False,False,False,True,False,True,True,False,True,False,False,True,False,False,False,False,False,True,True,False,False,False,False,True,False,False,False,False,False
1281,False,False,False,False,False,False,False,False,False,False,False,False,False,False,False,True,False,False,True,False,False,False,True,False,False,False,False,False,False,False,False
1282,True,False,False,False,False,True,False,False,False,False,False,False,False,True,False,False,True,False,False,False,False,False,True,False,False,True,True,False,False,False,False
1283,True,True,True,True,False,False,False,False,True,False,True,False,False,False,False,False,False,False,False,False,False,False,False,False,False,True,False,False,False,False,True
1284,False,True,False,False,False,True,False,False,False,False,False,False,False,False,True,True,False,False,False,True,False,False,False,False,False,True,False,False,False,False,False
1285,False,False,False,False,False,False,False,False,False,False,False,False,False,False,False,False,False,False,False,True,False,False,False,False,True,False,True,False,False,False,False
1286,True,True,True,True,False,True,False,False,False,True,True,True,False,False,False,True,False,False,False,True,True,False,False,False,False,False,False,False,False,False,False
1287,True,False,True,False,False,True,False,False,True,True,False,True,False,True,False,True,False,False,True,False,False,False,False,False,False,False,True,False,False,False,True
1288,False,False,False,True,False,False,False,False,False,False,False,False,False,False,True,False,False,False,False,True,True,False,False,True,True,False,True,False,True,False,True
1289,False,False,False,True,False,False,False,False,False,False,False,False,False,False,False,False,False,False,False,False,False,False,False,False,True,False,True,False,False,False,False
1290,False,False,False,False,False,False,False,False,True,False,False,False,False,False,False,False,False,False,False,False,False,False,False,False,False,True,False,False,True,False,True
1291,True,True,True,False,False,True,True,True,True,True,True,True,True,False,False,True,False,False,False,True,True,False,False,False,False,False,False,False,False,False,True
1292,True,False,True,False,False,True,False,False,False,False,True,True,False,True,False,True,False,False,True,False,False,False,False,False,False,False,True,False,False,False,True
1293,True,False,False,False,False,True,False,False,False,False,False,False,False,False,False,False,False,True,False,False,True,False,False,False,True,False,True,False,False,False,False
1294,False,True,False,True,False,False,False,False,True,False,False,False,False,False,True,False,False,False,False,False,True,False,False,False,False,False,False,False,False,False,False
1295,False,False,False,False,False,True,False,False,False,False,False,False,False,False,False,False,False,False,False,True,False,False,False,False,False,False,False,False,False,False,False
1296,False,False,False,False,False,True,False,False,False,False,False,False,False,False,False,False,False,False,False,True,False,False,False,False,False,False,False,False,False,True,True
1297,True,False,True,False,False,True,True,True,True,True,False,True,True,False,False,True,False,False,False,False,True,False,False,False,False,False,True,False,False,False,False
1298,False,False,False,False,False,False,False,False,False,False,False,False,False,False,False,False,False,False,False,True,True,False,False,False,False,False,True,False,True,True,True
1299,True,True,False,True,False,True,False,False,True,False,True,False,True,True,True,False,False,False,False,True,True,False,False,False,True,False,True,False,False,True,False
1300,False,False,False,False,False,False,False,False,False,False,False,False,False,False,False,False,False,False,False,False,False,False,False,False,False,True,True,False,False,True,True
1301,True,False,True,False,False,False,True,True,True,True,True,False,True,False,False,False,False,False,False,True,True,False,False,False,True,False,True,False,False,False,False
1302,False,False,False,False,False,False,False,False,False,False,False,False,False,False,False,False,False,False,False,True,True,False,False,False,False,True,False,False,True,True,True
1303,True,False,False,False,False,True,False,False,False,False,False,False,False,False,False,False,False,False,False,False,False,False,False,False,False,True,False,False,False,False,False
1304,True,False,True,False,False,True,False,False,True,True,False,False,False,False,False,False,False,False,False,False,False,False,False,False,False,False,False,False,False,False,False
1305,False,False,False,False,False,False,False,False,False,True,False,False,True,False,False,False,False,False,False,False,False,False,False,False,False,True,False,True,True,False,True
1306,False,False,False,False,False,False,False,False,False,False,False,False,False,False,False,True,False,False,False,False,False,False,False,False,False,False,True,False,False,False,False
1307,False,False,False,False,False,True,False,False,False,False,False,False,False,False,False,True,False,True,False,False,False,False,False,False,True,False,True,False,False,False,True
1308,False,False,False,False,False,True,False,True,True,True,False,False,False,False,False,False,False,False,False,False,False,False,False,False,True,False,True,False,True,True,True
1309,False,False,False,False,False,False,False,False,True,False,False,False,False,False,False,False,False,False,False,False,True,False,False,False,False,True,False,False,False,True,False
1310,False,False,False,False,False,False,False,False,True,True,False,False,False,False,False,False,False,False,False,True,True,False,False,False,True,False,True,False,True,True,True
1311,True,True,True,False,False,False,True,False,False,False,False,False,False,False,False,False,False,False,False,False,False,False,False,False,False,False,False,False,False,False,False
1312,False,False,False,False,False,False,False,False,True,True,False,False,True,False,True,False,False,False,False,False,False,False,False,False,False,False,True,False,True,False,True
1313,False,False,False,False,False,False,False,False,False,False,False,False,False,False,False,False,False,False,False,False,False,False,False,False,False,False,True,False,True,False,True
1314,True,False,False,False,False,False,False,False,False,False,True,False,False,False,False,False,False,False,False,True,False,False,False,False,True,False,True,False,False,True,False
1315,False,False,False,True,False,False,False,False,False,False,False,False,False,False,False,False,True,False,False,False,False,True,True,False,False,False,False,False,False,True,True
1316,True,True,False,False,False,True,False,False,True,False,True,False,False,False,False,False,False,False,False,True,True,False,False,False,False,False,False,False,False,False,False
1317,False,False,False,False,False,True,False,False,False,False,False,False,False,False,False,False,False,False,False,False,False,False,False,False,False,True,False,False,False,True,True
1318,True,False,True,False,False,True,True,False,False,False,False,True,True,False,True,True,True,True,False,False,False,True,True,False,False,False,False,False,False,False,False
1319,True,True,True,False,False,True,True,True,True,True,False,False,False,False,False,False,False,False,False,False,False,False,False,False,False,False,False,False,False,False,False
1320,False,False,False,True,False,False,False,True,True,True,False,False,False,True,True,False,False,False,False,False,False,False,False,False,False,True,True,False,True,False,True
1321,True,False,True,False,False,True,False,False,True,False,False,False,False,False,False,False,False,False,False,False,False,False,False,False,False,True,False,False,False,False,True
1322,False,False,False,False,False,True,False,False,False,False,False,False,False,True,False,False,False,False,False,True,False,False,False,False,False,True,True,False,False,True,True
1323,False,False,False,False,False,False,False,False,False,False,False,False,False,False,True,False,False,False,False,True,True,False,False,False,False,True,True,False,True,True,True
1324,False,False,False,True,False,False,False,False,True,False,True,False,False,False,True,True,False,False,False,True,True,False,False,False,False,False,False,False,False,True,False
1325,True,True,True,False,False,False,False,False,False,False,True,True,False,False,True,True,False,False,False,True,False,False,True,False,False,False,False,False,False,False,False
1326,False,False,False,False,False,True,False,False,False,False,False,False,False,False,False,False,False,False,False,False,False,False,False,True,False,True,False,False,False,False,False
1327,False,True,False,False,False,True,False,False,False,False,True,False,False,True,True,False,False,True,False,False,False,False,False,False,False,True,False,False,False,True,False
1328,True,True,False,False,False,True,False,False,False,False,False,False,False,True,True,False,True,True,False,False,False,True,True,False,False,True,True,False,False,False,False
1329,True,False,True,False,False,True,False,False,False,False,True,True,False,False,False,True,False,False,False,True,False,False,False,False,False,True,False,False,False,False,False
1330,True,False,False,False,False,True,False,False,False,False,True,False,False,False,False,False,False,False,False,True,False,False,False,False,False,False,False,False,False,False,False
1331,False,False,False,False,False,False,False,False,True,False,False,False,False,False,False,False,False,False,False,False,False,False,False,False,False,False,True,False,True,False,False
1332,False,False,False,False,False,False,False,False,False,False,False,False,False,False,False,False,False,False,False,True,False,False,False,False,False,True,False,False,True,False,True
1333,False,False,False,False,False,True,False,False,False,False,False,False,False,False,False,False,False,False,False,False,False,False,False,False,False,False,False,False,False,False,False
1334,False,False,False,False,False,False,False,False,True,False,False,False,False,False,False,False,False,False,False,False,False,False,False,False,False,False,False,False,False,False,False
1335,False,False,False,False,False,True,False,False,False,False,False,False,False,False,False,False,False,False,False,False,True,False,False,False,False,True,True,False,True,False,True
1336,False,False,False,False,False,False,False,False,False,True,False,False,False,True,False,False,False,False,False,False,False,False,False,False,False,True,True,False,True,False,True
1337,True,False,True,False,False,True,True,True,True,True,False,False,True,False,False,False,False,False,False,False,False,False,False,False,False,False,False,False,False,False,False
1338,False,False,False,False,False,False,False,False,False,True,False,False,False,False,False,False,False,False,False,True,True,False,False,False,False,False,False,False,True,False,False
1339,True,False,False,False,False,False,False,False,True,False,False,False,False,True,True,True,False,False,True,False,False,False,False,False,False,False,True,False,False,False,False
1340,False,False,False,False,False,False,False,False,False,False,False,False,True,False,True,False,False,False,False,False,False,False,False,False,False,False,True,False,True,False,True
1341,False,False,False,False,False,False,False,False,False,False,False,False,False,True,False,False,False,False,False,False,True,False,False,False,False,True,True,False,True,False,True
1342,False,False,False,False,False,False,False,False,False,False,False,False,False,False,False,False,False,False,False,False,False,False,False,False,False,True,False,True,True,False,True
1343,False,False,False,False,False,False,False,False,False,False,False,False,False,False,False,False,False,False,False,False,True,False,False,False,False,True,False,False,True,False,True
1344,False,False,False,False,False,False,False,False,False,False,False,False,True,False,False,False,False,False,False,False,True,False,False,True,False,False,False,False,False,False,False
1345,False,False,False,False,False,False,False,False,False,False,False,False,False,False,False,False,False,False,False,True,False,False,False,False,True,False,True,False,False,False,False
1346,True,True,False,False,False,True,False,False,True,False,True,False,False,False,False,False,False,False,False,True,True,False,False,False,False,True,False,False,False,True,False
1347,True,False,False,False,False,True,False,False,False,False,True,False,False,True,False,False,False,False,False,False,False,False,False,False,False,True,True,False,False,False,False
1348,True,True,False,False,False,True,False,True,False,False,False,False,False,True,False,False,False,False,False,False,False,True,False,False,False,False,True,False,False,False,False
1349,False,False,False,False,False,False,False,False,False,False,False,False,False,False,False,False,False,False,False,True,False,False,False,False,False,True,True,False,False,True,False
1350,False,True,False,False,False,True,False,False,False,True,False,False,False,False,False,False,False,False,False,True,True,False,False,False,True,False,True,False,True,True,True
1351,False,False,False,False,False,True,False,False,False,False,False,False,False,False,False,False,False,False,False,False,False,False,False,False,False,True,False,False,False,True,True
1352,True,False,True,False,False,True,True,False,True,True,True,True,False,True,False,False,False,False,False,True,True,False,False,False,False,True,True,False,False,True,False
1353,True,True,True,True,True,False,True,True,False,True,False,True,True,False,True,True,False,False,False,False,False,False,False,False,False,False,False,False,False,False,False
1354,False,False,False,False,False,False,False,True,False,True,False,False,False,False,False,False,False,False,False,False,False,False,False,False,False,False,True,True,True,True,True
1355,False,False,False,False,False,False,False,False,False,False,False,False,False,False,False,False,False,False,False,True,True,False,False,False,False,True,True,False,True,False,True
1356,False,False,False,False,False,False,False,False,False,False,False,False,False,True,False,False,False,False,False,False,True,False,False,False,False,False,False,False,False,False,True
1357,False,False,False,False,False,False,False,True,True,False,False,False,False,False,False,False,False,False,False,False,False,False,False,False,False,True,True,False,True,True,True
1358,False,False,False,False,False,False,False,False,False,False,False,False,False,False,False,False,False,False,False,False,False,False,False,False,False,True,True,False,True,False,True
1359,True,False,True,False,False,True,False,False,True,False,True,False,False,False,False,False,False,False,False,True,True,False,False,False,False,True,False,False,False,False,False
1360,False,False,False,False,False,True,False,False,True,False,False,False,False,False,False,False,False,False,False,True,False,False,False,False,True,False,True,False,False,True,True
1361,False,False,False,False,False,False,False,False,False,False,False,False,False,False,False,False,False,False,False,False,False,False,False,False,False,True,True,False,False,True,True
1362,False,False,False,False,False,False,False,False,False,True,False,False,False,False,False,False,False,False,False,False,False,False,False,False,False,False,False,False,False,False,True
1363,True,False,True,False,True,False,True,False,False,False,False,False,False,False,False,False,False,False,False,True,False,True,False,False,False,False,False,False,False,False,True
1364,True,False,True,False,True,True,True,False,False,False,True,True,False,False,True,True,False,False,False,False,False,False,False,False,False,False,True,False,False,False,False
1365,True,False,True,False,True,False,True,True,True,True,True,False,False,True,False,False,False,True,False,False,True,True,False,False,False,True,True,False,False,False,False
1366,False,False,False,False,False,False,False,False,False,False,False,False,False,False,False,False,False,False,False,True,True,False,False,False,False,False,False,False,False,False,False
1367,False,False,False,False,False,False,False,True,False,True,False,False,False,False,False,False,False,False,False,False,False,False,False,False,False,True,False,True,True,False,True
1368,False,False,False,False,False,False,False,False,True,False,False,False,False,False,False,False,False,False,False,False,False,False,False,False,False,True,False,False,True,True,True
1369,False,False,False,False,False,True,False,False,True,False,True,False,False,True,False,False,False,False,False,True,True,False,False,False,False,False,True,False,False,False,True
1370,False,False,False,False,False,False,False,False,False,False,False,False,False,False,False,False,False,False,False,False,True,False,False,False,False,True,True,False,True,True,True
1371,True,False,True,False,False,True,True,False,False,True,True,False,False,False,False,True,False,False,False,False,False,True,False,False,False,False,True,False,False,False,False
1372,False,False,False,False,False,False,False,False,False,True,False,False,False,False,False,False,False,False,False,False,False,False,False,False,False,False,True,False,True,True,True
1373,False,False,False,False,False,False,False,False,False,True,False,False,True,False,True,False,False,True,False,False,False,True,False,False,False,False,False,False,False,False,False
1374,True,True,True,True,True,True,True,True,False,True,True,False,True,False,False,True,False,True,False,True,True,False,False,False,False,False,False,False,False,False,False
1375,True,False,True,False,False,True,True,True,True,True,False,False,True,False,False,False,False,False,False,False,True,False,False,False,False,False,False,False,False,False,False
1376,False,False,False,False,False,False,False,False,True,False,False,False,False,False,False,False,False,False,False,True,False,False,False,True,False,True,True,False,True,False,True
1377,False,False,False,False,False,False,False,False,False,True,False,False,True,True,False,False,False,False,False,False,False,False,False,False,False,True,True,True,True,False,True
1378,True,False,False,False,False,False,False,False,False,False,True,False,False,True,False,False,False,False,False,True,False,False,False,False,False,True,True,False,False,True,False
1379,False,False,False,True,False,False,False,False,False,False,False,False,False,False,True,True,False,True,False,False,True,False,False,True,True,False,True,False,False,False,True
1380,True,True,True,True,True,False,True,True,False,True,True,False,False,False,True,False,False,True,False,False,True,True,False,False,True,False,True,False,False,False,False
1381,True,True,True,True,False,True,False,False,False,True,False,True,False,False,False,True,False,False,False,False,False,False,False,False,False,False,False,False,False,False,False
1382,True,False,False,False,False,True,False,False,False,False,True,False,False,True,False,False,False,True,False,True,False,False,False,False,False,True,True,False,False,False,False
1383,False,False,False,False,False,False,False,False,True,False,True,False,False,True,False,False,False,False,False,False,True,False,False,False,False,True,False,False,False,False,False
1384,False,False,False,False,False,False,False,False,False,True,False,False,False,False,False,False,False,False,False,False,False,False,False,False,False,True,True,False,True,True,True
1385,True,False,True,False,True,True,False,True,True,True,True,True,True,False,False,True,False,False,False,True,True,False,False,False,False,False,False,False,False,False,False
1386,False,False,False,False,False,False,False,False,False,True,False,False,False,False,False,False,False,False,False,False,False,False,False,False,False,False,False,False,True,True,True
1387,True,False,True,False,True,True,False,False,False,False,True,False,True,True,False,False,False,True,False,True,False,True,False,False,False,False,False,False,False,False,False
1388,True,True,True,True,False,True,False,False,False,True,True,False,False,False,True,False,False,False,False,True,True,False,False,False,False,True,False,False,False,False,False
1389,False,False,False,False,False,True,False,False,False,False,False,False,False,False,False,False,False,False,False,True,True,False,False,False,False,False,False,False,False,True,True
1390,False,False,False,False,False,False,False,False,True,False,False,False,False,False,False,False,False,False,False,True,False,False,False,False,False,True,False,False,True,True,True
1391,True,False,False,False,False,False,True,True,True,True,False,True,True,False,False,True,False,False,False,False,False,False,False,False,False,False,False,False,False,False,False
1392,False,False,False,True,False,False,False,False,False,True,False,False,False,True,False,False,False,False,False,False,False,False,False,False,False,True,True,False,True,True,True
1393,True,True,True,True,False,True,True,True,False,True,False,False,False,False,False,False,False,False,False,False,False,False,False,False,False,False,False,False,False,False,False
1394,False,False,False,False,False,True,False,False,False,False,False,False,False,False,True,False,False,True,False,True,False,False,False,False,False,True,True,False,False,False,True
1395,False,False,False,False,False,True,False,False,False,False,True,False,False,True,True,False,False,False,False,True,False,False,False,False,False,False,True,False,False,False,False
1396,False,False,False,True,False,False,False,False,True,False,False,False,False,False,True,False,False,False,False,True,True,False,False,False,False,True,False,False,True,False,False
1397,False,False,False,True,False,True,False,False,False,False,False,False,False,True,False,False,False,True,False,True,False,True,False,False,False,True,True,False,False,True,False
1398,False,False,False,False,False,False,False,True,False,True,False,False,False,False,True,False,False,False,False,False,False,False,False,False,False,True,True,False,True,False,True
1399,False,False,False,False,False,False,False,False,False,False,False,False,False,True,False,False,False,False,False,False,False,False,False,False,False,False,False,False,True,False,True
1400,False,False,False,False,False,False,False,False,False,False,False,False,False,False,False,False,False,False,False,False,False,False,False,False,False,True,True,False,False,True,True
1401,True,False,False,False,False,False,False,False,True,False,False,False,False,False,False,False,False,False,False,False,False,False,False,False,False,False,False,False,False,False,True
1402,False,False,False,False,False,False,False,False,False,False,True,False,False,True,False,True,False,False,False,True,True,False,False,True,False,False,True,False,False,True,False
1403,True,False,False,False,False,True,False,False,False,False,True,False,False,True,False,False,False,False,False,True,False,False,False,False,False,True,True,False,False,False,False
1404,False,False,False,False,False,False,False,False,False,True,False,False,False,True,False,False,False,False,False,False,False,False,False,False,True,False,True,False,False,False,False
1405,False,False,False,True,False,True,False,False,False,False,False,False,False,False,False,False,False,False,False,False,False,False,False,False,False,False,False,False,False,False,True
1406,False,False,False,False,False,True,False,False,False,False,False,False,False,False,False,False,False,True,False,False,False,False,False,False,False,True,True,False,False,True,True
1407,False,False,False,False,False,False,False,True,True,False,False,False,True,False,False,False,False,False,False,False,False,False,False,False,False,False,True,False,False,False,False
1408,True,False,True,False,False,True,False,True,True,False,False,True,True,True,False,False,False,False,False,False,False,False,False,False,False,True,False,False,False,False,False
1409,True,True,False,False,False,False,False,False,False,False,False,False,False,False,True,False,False,False,False,False,False,False,False,False,False,False,True,False,False,False,False
1410,True,False,False,True,False,True,False,False,False,False,True,False,False,False,False,False,False,False,False,True,False,False,False,False,False,False,True,False,False,True,False
1411,True,True,False,True,False,True,False,False,False,False,False,False,False,False,True,False,False,False,False,False,False,False,False,False,False,True,False,False,False,False,False
1412,False,False,False,False,False,False,False,False,False,False,False,False,False,False,False,False,False,False,False,False,False,False,False,False,False,True,True,False,False,True,True
1413,True,False,False,False,False,False,False,False,True,False,False,False,False,True,True,False,False,False,False,False,False,False,False,False,True,False,True,False,False,False,False
1414,False,False,False,False,False,True,False,False,False,False,False,False,False,False,False,True,False,False,True,True,False,False,False,False,False,False,False,False,False,False,False
1415,True,False,False,True,False,False,True,False,True,False,False,False,False,False,False,False,False,False,False,True,True,False,False,False,False,False,False,False,False,False,False
1416,True,False,True,False,False,False,False,True,False,True,True,True,False,True,False,True,False,False,False,True,True,False,False,False,False,False,False,False,False,False,False
1417,False,False,False,False,False,False,False,False,False,True,False,False,True,False,False,False,False,False,False,False,False,False,False,False,False,False,False,False,False,False,False
1418,False,False,False,False,False,False,False,False,True,False,False,False,False,True,False,False,False,False,False,True,False,False,False,False,False,False,True,True,True,True,True
1419,True,False,False,False,False,True,False,False,False,False,True,False,False,True,False,False,False,False,False,False,False,False,False,True,True,False,True,False,False,False,False
1420,True,True,True,False,False,True,True,False,False,False,True,False,False,False,False,False,False,False,False,True,True,False,False,False,False,False,False,False,False,False,False
1421,False,False,False,False,False,False,False,True,False,False,False,False,False,False,True,False,False,False,False,False,False,False,False,False,False,False,True,False,True,False,True
1422,False,False,False,False,False,False,False,False,False,False,False,False,False,False,False,False,False,False,False,False,False,False,False,False,False,True,False,False,False,False,True
1423,True,True,True,False,False,True,True,True,True,True,True,False,False,True,True,False,False,False,False,True,False,False,False,False,False,False,False,False,False,True,True
1424,False,True,False,False,False,False,False,False,False,False,False,False,False,True,False,False,False,True,False,False,False,True,False,False,False,True,True,False,False,True,False
1425,True,False,True,False,False,True,True,True,True,True,False,False,True,False,False,False,False,False,False,False,False,False,False,True,False,False,False,False,False,False,False
1426,True,False,True,False,True,True,True,True,False,True,False,True,True,False,False,True,False,False,False,False,False,False,False,False,False,False,True,False,False,False,False
1427,False,False,False,False,False,True,False,False,False,False,False,False,False,True,False,False,False,False,False,True,False,False,False,False,True,False,True,False,False,False,False
1428,False,False,False,False,False,False,False,False,False,True,False,False,False,True,False,False,False,False,False,False,False,False,False,False,False,False,False,False,True,True,True
1429,True,True,True,True,False,True,True,True,False,True,True,True,False,False,False,True,False,False,False,True,False,False,False,False,False,False,False,False,False,False,False
1430,True,True,True,True,False,False,True,True,False,True,False,False,False,True,True,False,False,True,False,False,False,True,False,False,True,False,True,False,False,False,False
1431,True,False,True,False,False,True,True,False,False,False,True,False,False,True,False,False,False,False,False,True,True,True,False,False,True,False,True,False,False,False,False
1432,True,True,False,True,False,True,False,False,True,False,True,False,False,True,True,True,False,True,True,True,True,False,False,False,False,False,True,False,False,False,False
1433,True,False,True,False,False,False,True,False,True,True,False,False,False,False,False,False,False,False,False,True,True,False,False,True,False,False,False,False,False,False,False
1434,True,False,False,False,False,False,False,True,False,False,True,False,False,False,False,False,False,False,True,True,True,False,False,False,False,False,False,False,False,False,False
1435,True,True,False,True,False,True,False,True,True,False,False,False,False,False,False,True,False,False,False,False,False,False,False,False,False,False,False,False,False,False,False
1436,False,False,False,False,False,False,False,False,True,False,False,False,False,True,False,False,False,True,False,False,False,False,False,False,False,False,True,False,False,False,False
1437,True,False,False,False,False,False,False,False,True,False,False,False,False,False,False,True,False,False,False,False,False,False,False,False,False,False,False,False,False,False,True
1438,True,True,True,False,False,True,True,False,True,True,True,True,False,False,False,True,False,False,False,False,True,False,False,False,False,False,False,False,False,False,False
1439,False,False,False,False,False,False,False,False,False,False,True,False,False,False,False,False,False,False,False,True,True,False,False,False,True,False,True,False,False,False,False
1440,False,False,False,False,False,False,False,False,False,True,True,False,False,False,False,False,False,False,False,True,True,False,False,False,True,False,True,False,False,False,False
1441,False,False,False,False,False,True,False,False,False,False,False,False,False,False,False,False,False,False,False,False,False,False,False,False,False,True,True,False,True,False,True
1442,True,True,False,True,False,True,False,False,False,True,False,False,False,False,False,False,False,False,False,False,False,False,False,False,False,False,False,False,False,False,False
1443,True,True,False,True,False,True,True,False,True,True,False,False,False,False,False,False,False,False,False,True,True,False,False,False,False,False,False,False,False,False,False
1444,True,True,False,False,False,True,False,False,False,True,True,False,False,False,False,False,False,False,False,False,True,False,False,False,False,False,False,False,False,False,False
1445,True,True,False,True,False,False,False,False,False,False,False,False,False,False,False,False,False,False,False,False,False,True,False,False,False,False,True,False,False,False,False
1446,True,False,True,False,False,True,False,False,True,False,False,False,True,False,False,False,False,False,False,False,False,False,False,False,False,True,False,False,False,True,False
1447,False,False,False,False,False,True,False,False,False,False,False,False,False,True,True,False,False,False,False,True,False,False,False,False,False,True,True,False,False,False,False
1448,False,False,False,False,False,False,False,True,False,False,False,False,False,False,False,False,False,False,False,False,False,False,False,False,False,True,True,True,True,False,True
1449,False,True,False,True,False,True,False,False,False,True,False,False,False,False,False,False,False,False,False,True,True,False,False,False,False,False,False,False,False,False,True
1450,True,False,False,False,False,True,False,False,False,False,True,False,False,True,False,False,False,False,False,True,False,False,False,False,True,False,True,False,False,False,False
1451,True,False,False,True,False,True,False,False,False,False,False,False,False,False,True,True,False,False,False,False,False,False,False,False,False,False,False,False,False,False,False
1452,True,True,True,False,False,False,True,True,True,True,False,False,True,False,False,False,False,False,False,False,False,False,False,True,True,False,True,False,False,False,False
1453,True,False,False,False,False,False,False,False,True,False,False,False,True,False,False,False,False,False,False,False,False,False,False,False,False,False,False,False,False,False,True
1454,True,False,False,False,False,False,False,False,True,False,False,False,False,False,False,False,False,False,False,False,False,False,False,False,False,False,True,False,False,False,False
1455,False,False,False,False,False,False,False,False,False,True,False,False,False,False,True,False,False,False,False,True,True,False,False,False,True,False,True,False,True,False,True
1456,True,True,True,True,True,True,False,False,False,False,True,True,False,False,True,False,False,False,False,True,False,False,False,False,False,True,False,False,False,True,False
1457,False,False,False,False,False,False,False,False,False,True,False,False,False,False,True,False,False,False,False,False,False,True,False,False,False,True,False,False,True,True,True
1458,False,False,False,False,False,True,False,False,False,True,False,False,False,False,True,True,False,False,False,False,False,False,False,False,False,False,True,False,False,False,False
1459,False,False,False,True,False,True,False,False,True,True,False,False,False,True,False,False,False,False,False,False,False,False,False,False,True,True,True,False,True,True,True
1460,False,False,False,False,False,True,False,False,False,False,False,False,False,True,False,False,False,False,False,False,False,False,False,False,False,True,True,False,False,True,False
1461,False,False,False,False,False,True,False,False,False,True,False,False,False,False,False,False,False,False,False,False,False,False,False,False,False,True,False,False,False,True,False
1462,True,True,True,True,True,True,True,False,False,False,True,True,False,True,True,True,False,False,False,False,False,False,False,False,False,False,True,False,False,True,False
1463,False,False,False,False,False,True,False,False,False,False,False,False,False,False,False,False,False,False,False,True,False,False,False,True,False,False,False,False,False,True,False
1464,False,False,False,False,False,False,False,False,False,False,False,False,False,False,False,False,False,False,False,False,False,False,False,False,False,False,False,True,True,False,True
1465,True,False,False,False,False,True,False,False,False,False,True,False,False,True,True,False,False,False,False,False,False,False,False,False,True,False,True,False,False,False,False
1466,False,False,False,False,False,False,False,True,True,True,False,False,False,True,True,False,False,False,False,False,True,False,False,False,False,True,True,False,True,True,True
1467,True,False,False,False,False,False,False,False,True,True,False,False,True,False,False,False,False,False,False,False,False,False,False,False,False,False,False,False,False,False,False
1468,False,False,False,True,False,False,False,False,False,False,True,False,False,False,False,False,False,False,False,True,False,False,False,False,False,True,False,False,False,True,False
1469,True,True,True,False,False,True,True,True,False,True,False,True,True,False,False,True,False,True,True,False,False,True,False,False,False,False,False,False,False,False,False
1470,True,True,True,True,True,True,False,False,False,False,True,False,False,False,False,False,False,False,False,False,False,False,False,False,False,True,False,False,False,True,False
1471,True,True,True,False,True,True,False,False,False,False,True,True,False,False,True,False,False,False,False,False,False,False,False,False,False,True,False,False,False,False,True
1472,False,False,False,False,False,False,False,False,False,False,False,False,False,False,True,False,False,False,False,False,False,False,False,False,False,True,True,False,False,True,True
1473,True,False,True,False,True,True,True,True,True,True,True,False,False,False,True,False,False,True,False,True,True,False,False,False,True,False,True,False,False,False,True
1474,True,False,True,False,True,True,True,False,False,False,False,False,True,False,False,False,False,False,False,True,False,False,False,False,False,False,False,False,False,False,False
1475,False,False,False,False,False,False,False,True,False,True,False,False,False,True,False,False,False,True,False,False,False,False,False,False,False,False,True,False,True,False,False
1476,True,True,False,True,False,True,False,False,True,True,False,False,False,False,False,False,False,False,False,False,False,False,False,False,False,True,False,False,False,True,False
1477,False,False,False,False,False,True,False,False,False,False,False,False,False,False,False,False,False,False,False,False,False,False,False,False,False,True,False,False,False,True,True
1478,False,False,False,False,False,False,False,False,True,False,False,False,False,False,True,False,False,False,False,True,True,False,False,False,False,True,False,False,True,True,True
1479,True,True,True,True,True,True,True,True,True,True,False,False,False,False,False,False,False,False,False,False,True,False,False,False,False,False,False,False,False,False,False
1480,True,False,False,False,False,False,False,False,True,False,True,False,False,False,False,False,False,False,False,False,True,False,False,False,True,False,True,False,False,False,False
1481,True,False,False,False,False,False,False,True,True,True,False,True,True,True,False,True,False,False,True,False,False,False,False,False,False,False,True,False,False,False,False
1482,False,False,False,False,False,False,False,True,False,False,False,False,False,False,False,False,False,False,False,False,False,False,False,True,True,False,True,True,True,True,True
1483,True,True,True,False,False,True,False,False,False,False,True,False,False,False,True,False,False,False,False,True,False,False,False,False,False,False,False,False,False,False,False
1484,False,False,False,False,False,False,False,False,False,True,False,False,False,False,False,False,False,False,False,False,False,False,False,False,False,True,True,True,True,True,True
1485,False,False,False,False,False,False,False,False,True,False,False,False,False,True,False,False,False,False,False,False,True,False,False,False,False,True,True,False,False,True,False
1486,True,True,True,False,False,True,False,False,True,True,False,False,True,False,False,False,False,False,False,False,False,False,False,False,False,False,False,False,False,False,False
1487,True,False,True,False,True,True,True,False,False,False,False,True,True,False,True,True,True,False,True,False,False,False,True,False,False,False,True,False,False,True,False
1488,False,False,False,True,False,False,False,False,False,True,False,False,False,False,False,False,False,False,False,False,False,False,False,False,False,False,False,False,True,True,True
1489,False,False,False,False,False,False,False,False,True,True,False,False,False,False,True,False,False,True,False,False,False,True,False,False,True,False,False,False,False,False,False
1490,False,False,False,False,False,True,False,False,True,False,False,False,False,False,False,False,False,False,False,False,False,False,False,False,True,False,True,False,False,True,True
1491,False,False,False,False,False,False,False,False,True,False,False,False,False,False,False,False,False,False,False,False,False,False,False,False,False,True,True,False,True,True,True
1492,True,True,True,True,False,True,False,False,False,False,True,False,False,True,False,False,False,False,False,False,False,False,False,False,False,True,False,False,False,False,False
1493,True,False,True,False,True,False,True,False,False,False,False,True,True,False,True,True,True,True,False,False,False,False,True,False,False,False,True,False,False,False,False
1494,True,False,True,False,True,True,True,False,False,False,True,True,False,True,False,True,False,False,False,True,False,False,False,False,True,False,True,False,False,False,False
1495,False,False,False,False,False,False,False,False,True,False,False,False,False,False,False,False,False,True,False,True,True,True,False,False,False,True,True,False,True,True,True
1496,False,False,False,False,False,True,False,False,False,False,False,False,False,True,False,False,False,False,False,True,False,False,False,False,False,True,True,False,False,False,True
1497,True,False,False,False,False,False,False,True,False,False,False,False,False,False,False,False,False,False,False,False,False,False,False,False,False,False,False,False,False,False,False
1498,True,False,False,False,False,True,False,False,True,True,True,False,False,False,False,False,False,False,False,True,False,False,False,False,False,True,False,False,False,False,False
1499,False,False,False,False,False,False,False,False,False,False,False,False,False,False,False,False,False,False,False,True,True,False,False,False,False,True,False,False,True,False,True
1500,False,True,False,False,False,False,False,False,False,False,False,False,False,False,False,False,False,False,False,True,False,False,False,False,False,True,False,False,False,False,False
1501,False,False,False,False,False,True,False,False,False,False,False,False,False,False,True,True,False,False,False,False,False,False,False,False,False,True,True,False,False,True,True
1502,True,True,True,False,False,True,False,False,False,False,True,True,False,False,True,True,False,False,False,True,False,False,False,False,False,False,False,False,False,False,False
1503,False,False,False,False,False,False,False,False,True,True,False,False,False,False,False,False,False,False,False,False,False,False,False,False,False,True,True,False,True,False,True
1504,True,False,True,False,True,False,True,True,False,True,False,True,True,False,False,True,False,False,False,False,False,False,False,False,False,False,False,False,False,False,False
1505,True,False,True,False,False,True,False,False,True,False,False,False,True,True,False,False,False,False,False,False,False,False,False,False,False,False,True,False,False,False,False
1506,False,False,False,False,False,True,False,False,False,False,False,False,False,False,False,False,False,True,False,True,False,False,False,False,False,True,True,False,False,True,True
1507,False,False,False,False,False,True,False,False,False,False,False,False,False,True,False,True,False,False,False,False,False,False,False,False,False,True,True,False,False,False,False
1508,False,False,False,False,False,True,True,False,False,False,False,False,False,False,False,False,False,False,False,False,False,False,False,False,True,False,True,False,True,False,True
1509,False,False,False,False,False,False,False,False,False,True,False,False,False,False,True,False,False,False,False,False,False,False,False,False,True,False,True,False,True,False,True
1510,True,False,True,False,False,True,True,True,True,True,True,False,False,False,True,True,False,False,False,False,True,False,False,False,True,False,True,False,False,False,False
1511,False,False,False,True,False,False,False,False,False,False,False,False,False,False,False,True,True,False,True,False,False,False,True,False,False,False,False,False,False,False,True
1512,True,True,True,False,False,True,True,False,False,False,True,True,False,False,False,True,False,False,False,True,False,False,False,False,False,False,False,False,False,False,False
1513,False,False,False,False,False,True,False,False,False,False,False,False,False,False,True,False,False,False,False,False,False,False,False,False,False,True,True,False,False,True,True
1514,True,True,True,True,False,True,True,True,False,True,False,False,True,False,True,False,False,False,False,False,True,False,False,False,False,False,False,False,False,False,False
1515,False,True,False,True,False,True,False,False,False,False,False,False,False,False,True,False,False,True,False,True,True,False,False,False,True,False,True,False,False,False,False
1516,False,False,False,False,False,True,False,False,False,False,False,False,False,False,False,False,False,False,False,False,False,False,False,False,True,True,True,False,False,True,True
1517,True,False,False,False,False,False,False,False,False,False,False,False,False,False,True,False,False,False,False,False,True,True,False,False,False,False,False,False,False,False,False
1518,False,False,False,False,False,True,False,False,False,False,False,False,False,False,False,False,False,False,False,False,False,False,False,False,False,True,False,False,False,True,True
1519,False,False,False,True,False,True,False,False,False,False,False,False,False,False,True,False,False,True,False,False,True,True,False,False,False,False,True,False,True,True,True
1520,True,True,True,False,False,True,True,False,False,True,True,True,False,False,False,True,False,False,True,False,False,True,False,False,False,False,False,False,False,False,False
1521,False,False,False,False,False,False,False,False,False,True,False,False,False,True,False,False,False,False,False,False,False,False,False,False,False,True,True,False,True,True,True
1522,True,False,True,False,False,True,False,False,False,False,True,False,False,False,False,False,False,False,False,False,False,False,False,False,False,True,False,False,False,False,False
1523,True,False,True,False,False,True,True,True,False,True,False,False,True,False,False,False,False,False,False,False,False,False,False,False,True,False,True,False,False,False,False
1524,False,True,False,True,False,False,False,False,False,False,False,False,False,False,False,False,False,True,False,False,False,False,False,False,False,False,False,False,False,False,False
1525,False,False,False,False,False,True,False,False,False,False,False,False,False,False,False,False,False,False,False,False,False,False,False,False,False,True,True,True,False,True,True
1526,False,False,False,False,False,True,False,False,False,False,False,False,False,False,False,False,False,False,False,True,False,False,False,False,False,True,False,False,False,False,True
1527,True,True,True,True,False,False,False,False,True,False,True,False,False,True,False,False,False,False,False,True,False,False,False,False,False,True,False,False,False,False,False
1528,True,True,True,True,True,False,True,True,True,True,True,False,False,False,False,True,False,False,False,False,True,False,False,False,False,False,False,False,False,False,False
1529,False,False,False,False,False,False,False,False,False,False,False,False,False,False,False,True,False,False,False,False,False,False,True,False,False,False,True,False,False,True,True
1530,False,False,False,True,False,False,False,False,False,True,False,False,False,False,True,False,False,False,False,False,False,False,False,False,False,False,True,False,False,False,False
1531,False,False,False,False,False,False,False,False,False,True,False,False,False,False,False,False,False,False,False,True,True,False,False,False,False,False,False,False,True,False,True
1532,False,False,False,False,False,False,False,False,False,False,False,True,False,False,False,False,False,False,False,False,False,False,False,True,False,True,False,False,True,True,True
1533,False,False,False,True,False,False,False,False,False,True,False,False,False,False,False,False,False,False,False,False,False,False,False,False,False,False,False,False,True,False,False
1534,True,True,True,False,True,True,False,False,False,False,True,False,False,True,True,False,False,False,False,True,False,False,False,False,False,True,False,False,False,False,True
1535,False,False,False,False,False,False,False,False,False,False,False,False,False,False,False,False,False,True,False,False,False,False,False,False,True,False,True,True,True,False,True
1536,False,False,False,False,False,False,False,False,True,True,False,False,True,False,False,False,False,False,False,False,False,False,False,False,False,False,False,False,True,True,True
1537,True,True,True,True,False,True,True,True,False,True,False,True,True,False,True,False,False,False,False,False,False,False,False,False,False,False,False,False,False,False,False
1538,False,False,False,False,False,False,False,True,False,False,False,False,False,False,False,False,False,False,False,False,False,False,False,False,False,True,False,False,True,False,True
1539,False,False,False,False,False,False,False,False,True,False,False,False,False,False,False,False,False,False,False,False,False,False,False,False,False,True,True,False,False,False,False
1540,True,False,True,False,False,True,True,True,True,True,False,False,True,True,True,False,False,False,False,False,False,False,False,False,True,False,True,False,False,False,False
1541,False,False,False,False,False,False,False,False,False,False,False,False,False,False,False,False,False,False,False,False,False,False,False,False,False,False,True,False,False,True,True
1542,True,True,True,True,True,False,True,True,False,True,True,False,False,False,False,True,False,False,False,True,True,False,False,False,False,False,False,False,False,False,True
1543,True,True,True,True,False,True,True,True,False,True,False,False,False,False,False,False,False,False,False,False,False,False,False,False,False,False,False,False,False,False,False
1544,False,False,False,False,False,True,False,False,False,False,False,False,False,False,False,False,False,False,False,False,False,False,False,False,False,True,True,False,False,True,True
1545,True,False,True,True,False,False,False,False,False,False,True,False,True,True,False,False,False,True,False,True,False,False,False,False,False,True,True,False,False,False,True
1546,False,False,False,False,False,True,False,False,False,False,False,False,False,False,False,False,False,False,False,True,False,False,False,False,False,True,True,False,False,True,True
1547,True,False,False,False,False,True,True,False,False,False,True,False,False,True,False,True,False,False,False,False,False,True,False,False,True,False,True,False,False,False,False
1548,False,True,False,False,False,False,False,False,False,False,False,False,False,False,True,False,False,False,False,False,True,False,False,False,True,False,True,False,False,False,False
1549,True,True,True,True,True,True,False,False,False,False,True,True,True,False,True,True,False,False,True,True,False,True,True,False,False,False,False,False,False,False,False
1550,False,False,False,False,False,False,False,True,False,False,False,False,False,False,False,False,False,False,False,False,False,False,False,False,False,False,False,False,False,False,False
1551,True,True,False,False,False,True,False,False,True,True,False,False,False,False,False,False,False,True,False,False,False,False,False,False,False,False,False,False,False,False,False
1552,True,False,True,False,False,True,True,False,False,False,True,True,False,False,False,True,False,False,False,False,False,False,False,False,False,False,False,False,False,False,True
1553,False,False,False,False,False,False,False,False,False,False,False,False,False,False,False,False,False,False,False,False,False,False,False,False,False,True,False,False,False,False,False
1554,True,True,True,True,True,False,False,True,False,False,False,False,False,False,True,False,True,False,False,False,False,False,True,False,False,True,False,False,False,True,True
1555,False,True,False,True,False,True,False,False,False,False,False,False,False,False,True,False,False,False,False,False,False,False,False,False,False,True,False,False,False,False,False
1556,True,True,False,True,False,True,False,False,False,False,True,False,False,True,True,False,False,True,False,True,False,True,False,False,False,False,True,False,False,False,True
1557,False,False,False,False,False,False,False,False,False,True,False,False,False,False,True,False,False,False,False,False,False,False,False,False,True,False,True,False,True,True,True
1558,False,False,False,True,False,False,False,False,False,False,False,False,False,False,False,False,False,False,False,False,True,False,False,False,False,False,False,False,True,True,True
1559,False,False,False,False,False,True,False,False,False,True,False,False,False,False,False,True,False,False,False,False,True,False,True,False,False,False,True,False,True,True,True
1560,False,False,False,False,False,True,False,False,False,False,False,False,False,True,False,False,False,True,False,True,True,False,False,False,True,False,True,False,False,False,False
1561,False,False,False,False,False,True,False,False,False,False,False,False,False,False,True,False,False,False,False,False,False,False,False,False,False,True,True,False,False,False,True
1562,False,False,False,False,False,True,False,False,False,False,False,False,False,False,False,False,False,False,False,False,False,False,False,False,False,True,True,False,False,True,True
1563,False,False,False,False,False,False,False,False,False,False,False,False,False,False,False,False,True,False,False,False,False,False,True,False,False,True,False,False,False,False,False
1564,True,True,False,False,False,False,True,False,True,False,False,False,True,False,False,False,False,False,False,False,False,False,False,False,False,False,False,False,False,False,False
1565,True,False,False,False,False,False,False,False,True,False,False,False,False,True,True,False,False,False,False,False,False,False,False,False,False,True,True,False,False,True,False
1566,False,False,False,False,False,False,False,False,False,False,False,False,False,False,False,False,False,False,False,False,False,False,False,False,False,True,False,False,False,False,False
1567,False,False,False,False,False,False,False,False,True,True,False,False,False,False,False,False,False,False,False,False,True,False,False,False,False,True,False,False,True,True,True
1568,True,False,True,False,False,True,False,False,True,True,True,True,False,False,False,True,False,False,True,False,True,False,False,False,False,False,False,False,False,False,True
1569,False,False,False,False,False,False,False,False,False,True,False,False,False,False,False,False,False,False,False,False,False,False,False,False,False,False,True,True,False,False,False
1570,False,False,False,False,False,False,False,True,True,False,False,False,False,False,True,True,False,False,False,False,True,False,False,False,True,False,False,False,False,False,True
1571,True,True,True,False,True,False,True,False,False,False,False,True,True,False,False,True,True,False,True,False,False,False,True,False,False,False,False,False,False,False,False
1572,False,False,False,True,False,True,False,False,False,False,False,False,False,False,True,False,False,False,False,True,False,True,False,False,False,False,False,False,False,False,False
1573,True,True,False,True,False,True,False,False,False,False,False,False,False,False,True,False,False,False,False,True,True,False,False,False,False,False,False,False,False,False,False
1574,True,True,True,False,True,True,False,False,False,False,True,False,False,False,False,False,False,False,False,False,False,True,False,False,False,True,False,False,False,True,False
1575,True,False,True,False,False,True,True,False,False,False,True,False,False,False,True,False,False,True,False,False,False,False,False,False,True,False,True,False,False,True,False
1576,True,False,True,False,False,True,False,False,True,True,False,False,False,False,False,False,False,False,False,False,False,False,False,False,False,False,False,False,False,False,False
1577,True,False,False,False,False,True,False,False,False,False,True,False,False,False,False,False,False,False,False,True,False,False,False,True,False,False,True,False,False,False,False
1578,True,True,True,False,True,True,True,False,False,False,True,False,False,True,True,False,False,False,False,False,False,False,False,False,False,False,False,False,False,True,False
1579,False,False,False,True,False,True,False,False,False,False,False,False,False,False,False,False,False,False,False,False,False,False,False,False,False,True,False,False,False,False,True
1580,False,False,False,False,False,False,False,False,False,False,False,False,True,False,True,False,False,False,False,False,False,False,False,False,True,False,True,True,False,False,False
1581,True,False,False,False,False,False,False,False,True,False,False,False,False,False,False,False,False,False,False,False,True,False,False,False,False,False,True,False,False,False,False
1582,True,True,True,False,False,False,True,True,True,True,False,False,True,False,True,False,False,True,False,False,False,False,False,False,True,False,True,False,False,False,False
1583,True,False,False,False,False,True,False,False,False,False,True,False,False,False,False,False,False,False,False,False,False,True,False,False,False,True,False,False,False,False,False
1584,False,False,False,False,False,True,False,False,True,False,True,False,False,False,False,False,False,False,False,False,False,False,False,False,False,True,False,False,True,False,True
1585,False,False,False,False,False,True,False,False,False,False,False,False,False,False,False,False,False,False,False,False,False,False,False,False,False,True,False,False,False,True,True
1586,False,False,False,False,False,True,False,False,True,False,False,False,False,False,False,False,False,False,False,False,False,False,False,False,True,False,True,False,False,True,True
1587,True,True,False,True,False,True,False,False,True,False,True,False,False,True,True,False,False,False,False,False,True,False,False,False,True,False,True,False,False,False,False
1588,False,False,False,False,False,True,False,False,True,False,False,False,False,False,True,False,False,True,False,True,False,False,False,True,True,True,True,False,True,True,True
1589,True,False,False,False,False,False,False,False,False,False,False,False,False,True,False,False,True,False,False,False,False,False,True,False,True,False,True,False,False,False,False
1590,False,False,False,True,False,False,False,False,False,True,False,False,True,False,True,False,False,False,False,False,False,False,False,False,False,True,True,False,True,False,True
1591,False,False,False,False,False,False,False,False,False,False,False,False,False,False,False,False,False,False,False,False,True,False,False,False,True,False,True,False,True,False,True
1592,False,False,False,False,False,True,False,False,False,False,False,False,True,False,False,False,False,False,False,False,False,False,False,False,False,False,False,False,True,False,True
1593,False,True,False,False,False,False,False,False,False,False,False,False,False,True,False,False,False,True,False,True,False,False,False,False,False,True,True,False,False,False,False
1594,False,False,False,False,False,False,False,False,True,True,False,False,False,False,False,False,False,False,False,True,True,False,False,False,False,True,True,False,True,False,True
1595,False,False,False,False,False,False,False,False,True,False,False,False,False,False,False,False,False,True,False,False,True,False,False,False,False,True,True,False,False,True,False
1596,True,False,False,False,False,True,False,False,True,False,False,False,False,True,False,False,False,False,False,False,False,False,False,False,False,True,True,False,False,True,False
1597,True,False,False,False,False,True,False,False,True,True,False,False,False,False,False,False,False,False,False,False,False,False,False,False,False,True,False,False,False,False,True
1598,False,False,False,False,False,True,False,False,False,True,False,False,False,True,False,False,False,True,False,False,False,False,False,False,True,False,True,False,False,False,False
1599,True,True,True,True,True,True,False,False,True,False,True,True,False,False,False,False,False,True,False,False,False,False,False,True,False,True,False,False,False,False,False
1600,True,True,False,False,False,True,False,False,False,False,False,False,False,False,True,False,False,False,False,True,True,False,False,False,False,False,False,False,False,False,False
1601,False,True,False,False,False,True,False,False,False,False,True,False,False,True,True,False,False,False,False,True,True,False,False,False,False,False,True,False,False,False,False
1602,True,True,False,True,False,False,True,False,True,False,False,False,False,False,False,False,False,False,False,False,False,False,False,True,False,False,False,False,False,False,False
1603,False,False,False,False,False,False,False,False,False,False,False,False,False,True,False,False,False,False,False,True,False,False,False,False,False,True,True,False,False,False,False
1604,True,True,False,True,False,True,False,False,False,False,False,False,False,False,False,False,True,False,False,False,False,False,True,False,False,True,False,False,False,False,False
1605,False,False,False,False,False,False,False,False,False,True,False,False,False,False,True,False,False,False,False,False,False,False,False,False,False,False,True,False,True,True,True
1606,True,False,False,False,False,True,False,False,True,True,True,False,False,False,False,False,False,False,False,True,False,False,False,False,False,False,True,False,False,False,False
1607,True,False,False,False,False,True,False,False,True,False,True,False,False,True,True,False,False,False,False,True,True,False,False,False,True,False,True,False,False,False,False
1608,False,True,False,True,False,False,False,False,False,False,False,False,False,False,False,True,False,False,False,False,False,False,False,False,False,False,False,False,False,False,False
1609,False,True,False,True,False,True,False,False,False,True,False,False,False,False,True,False,False,False,False,False,False,False,False,False,False,False,False,False,False,False,False
1610,False,False,False,False,False,False,False,False,False,False,False,False,False,False,False,False,False,False,False,False,False,False,False,False,False,True,True,False,False,False,True
1611,True,True,True,False,False,True,True,False,False,False,True,False,True,False,False,False,False,False,False,True,False,False,False,False,False,False,False,False,False,False,False
1612,True,False,False,False,False,True,False,False,False,False,True,False,False,True,False,True,False,True,False,False,False,False,False,False,False,True,True,False,False,False,True
1613,False,True,False,True,False,False,False,False,False,False,False,False,False,True,True,False,False,True,False,False,False,False,False,False,False,True,True,False,False,False,False
1614,True,False,True,True,True,False,False,True,False,True,True,False,False,False,True,False,False,False,False,False,True,False,False,False,False,False,False,False,False,False,False
1615,True,False,True,True,False,True,False,False,False,False,False,False,False,False,False,False,False,False,False,False,False,False,False,False,False,True,True,False,False,True,False
1616,True,True,True,False,True,True,False,False,False,False,True,False,False,True,False,False,False,False,False,True,False,True,False,False,False,True,True,False,False,True,False
1617,False,False,False,False,False,False,False,False,False,False,False,False,False,False,False,False,False,False,False,False,False,False,False,False,True,False,True,True,False,True,True
1618,True,True,False,True,False,True,False,False,False,False,True,False,False,False,True,True,False,False,True,True,False,False,False,False,False,False,False,False,False,False,True
1619,False,False,False,False,False,False,False,False,False,True,False,False,False,True,False,False,False,False,False,False,False,True,False,False,True,False,True,False,True,True,True
1620,True,True,False,False,False,False,False,False,False,False,True,False,False,False,True,False,False,False,False,False,True,False,False,False,False,False,False,False,False,False,False
1621,True,True,True,True,False,False,True,True,False,True,False,True,True,False,True,True,False,False,False,False,False,True,False,False,False,False,True,False,False,False,False
1622,False,False,False,True,False,False,False,False,False,False,False,False,False,False,True,False,False,False,False,False,False,False,False,False,True,False,True,False,True,True,True
1623,True,False,True,False,False,True,False,False,True,True,False,False,False,True,True,False,False,False,False,False,False,False,False,False,False,True,True,False,False,False,False
1624,False,False,False,True,False,True,False,False,False,False,True,False,True,False,False,True,False,False,False,True,False,False,False,True,False,False,False,False,False,False,False
1625,False,False,False,False,False,True,False,False,False,False,False,False,True,True,False,False,False,False,False,True,False,False,False,False,False,False,False,False,False,True,False
1626,True,False,True,False,True,True,True,False,False,False,True,False,False,False,False,False,False,False,False,False,False,False,False,False,False,False,False,False,False,True,True
1627,False,False,False,False,False,False,False,True,True,True,False,False,False,False,False,False,False,False,False,False,False,False,False,False,False,False,False,False,True,False,True
1628,False,False,False,False,False,False,True,False,True,False,False,False,False,False,False,False,False,False,False,True,True,False,False,False,True,False,True,False,True,False,True
1629,False,False,False,False,False,True,False,False,False,False,False,False,False,False,False,True,False,False,False,False,False,False,False,False,False,True,True,False,False,True,True
1630,True,False,False,False,False,False,False,False,True,False,False,False,False,False,False,False,False,True,False,False,False,False,False,False,False,False,True,False,False,True,False
1631,False,False,False,False,False,False,False,True,False,False,False,False,False,False,False,False,False,False,False,False,False,False,False,False,True,False,True,False,True,False,True
1632,False,False,False,True,False,False,False,False,False,False,True,False,False,False,True,False,False,False,False,True,False,False,False,False,False,False,False,False,False,False,False
1633,True,False,True,False,True,True,False,False,False,False,True,False,False,True,False,False,False,False,False,True,False,True,False,False,False,True,False,False,False,False,False
1634,True,True,False,True,False,True,False,True,False,False,False,False,False,False,True,False,False,False,False,False,False,False,False,False,False,True,False,False,False,True,True
1635,False,False,False,False,False,False,False,False,False,False,False,False,False,False,False,False,False,False,False,True,True,False,False,False,True,False,True,False,False,False,False
1636,True,False,False,True,False,False,False,False,False,False,True,False,False,False,False,True,False,False,False,True,True,False,False,False,False,False,True,False,False,True,False
1637,False,False,False,False,False,False,False,False,False,False,False,False,False,False,False,False,False,False,False,False,False,False,False,False,False,True,True,False,False,False,False
1638,False,False,False,True,False,False,False,False,True,True,False,False,False,False,False,False,False,False,False,False,False,False,False,False,False,False,False,False,True,True,True
1639,True,False,True,True,True,True,False,False,False,False,True,False,False,False,True,False,False,False,False,False,False,False,False,False,False,True,False,False,False,True,False
1640,True,True,True,False,False,False,True,True,True,True,False,False,True,True,False,False,False,False,False,False,False,False,False,False,False,False,False,False,False,False,False
1641,False,False,False,False,False,True,False,False,False,False,False,False,False,False,False,False,False,False,False,False,False,False,False,False,False,True,True,False,False,False,False
1642,False,True,False,False,False,True,False,False,False,False,False,False,False,False,True,False,False,False,False,True,True,False,False,False,False,False,True,False,False,True,False
1643,False,False,False,False,False,True,False,False,False,False,False,False,False,False,False,False,False,True,False,False,False,False,False,False,False,True,True,False,False,True,True
1644,True,False,True,False,False,True,True,True,False,True,True,True,True,False,False,True,False,False,False,True,True,False,False,False,False,False,False,False,False,False,False
1645,True,True,False,False,False,False,False,False,False,False,True,False,False,False,True,False,False,False,False,True,False,False,False,False,True,False,True,False,False,False,False
1646,False,False,False,False,False,False,False,False,False,False,False,False,False,False,False,False,False,False,False,False,False,False,False,False,True,False,True,False,True,True,True
1647,False,False,False,False,False,False,False,False,True,True,True,False,False,False,False,False,False,False,False,True,False,False,False,False,False,False,False,False,True,False,False
1648,True,False,False,False,False,False,False,False,False,True,False,False,True,False,True,False,False,True,False,False,True,False,False,False,True,False,True,False,False,False,False
1649,False,False,False,False,False,False,False,True,False,True,False,False,True,False,True,True,False,False,False,True,True,False,False,False,True,False,True,False,True,True,True
1650,False,False,False,False,False,False,False,False,True,False,False,False,False,False,False,False,False,False,False,False,False,False,False,False,False,True,False,False,True,False,True
1651,False,False,False,False,False,False,False,False,False,False,True,False,False,True,False,False,False,False,False,True,True,True,False,False,True,True,True,False,False,False,False
1652,False,False,False,False,False,True,False,False,False,False,False,False,False,False,False,False,False,False,False,True,False,False,False,False,False,True,False,False,False,False,True
1653,False,False,False,False,False,False,False,False,False,True,False,False,False,False,False,False,False,False,False,False,False,False,False,False,False,True,False,False,True,True,False
1654,False,True,False,False,False,True,False,False,False,False,False,False,False,True,True,False,False,False,False,True,False,False,False,False,False,False,False,False,False,True,False
1655,False,False,False,False,False,False,False,False,False,False,False,False,False,False,True,False,False,False,False,False,False,False,False,False,True,False,True,False,True,False,True
1656,False,False,False,True,False,False,False,False,True,False,False,False,False,False,True,False,False,False,False,True,True,False,False,False,False,False,False,False,False,False,False
1657,True,False,True,False,False,False,False,False,False,True,True,True,True,False,False,True,False,False,False,True,True,False,False,False,False,True,False,False,False,False,False
1658,True,True,True,False,True,False,True,True,True,True,False,False,True,False,False,False,False,False,False,False,True,False,False,False,True,False,True,False,False,False,True
1659,False,False,False,False,False,False,False,False,False,False,False,False,False,True,False,False,False,False,False,False,True,False,False,False,False,False,True,False,False,False,False
1660,True,True,False,True,False,False,False,False,True,False,False,False,False,False,True,False,False,False,False,False,False,True,False,False,False,False,False,False,False,False,False
1661,False,False,False,False,False,False,False,False,True,False,False,False,False,False,False,True,False,True,False,True,True,True,False,False,False,False,False,False,False,False,False
1662,False,False,False,False,False,False,False,False,False,True,False,False,False,False,False,False,False,False,False,False,False,False,False,False,True,False,True,False,True,True,True
1663,True,True,True,False,False,True,False,False,False,True,True,True,True,True,True,False,False,False,False,False,False,False,False,False,False,False,True,False,False,True,False
1664,False,False,False,False,False,False,False,False,False,False,False,False,False,False,False,False,False,True,False,False,False,False,False,False,False,True,False,False,False,False,False
1665,True,False,False,False,False,True,False,False,False,False,True,False,False,False,False,False,False,False,False,True,False,False,False,False,True,False,True,False,False,False,False
1666,True,False,True,False,False,True,True,False,False,False,True,True,False,False,False,True,False,False,False,True,False,False,False,False,False,False,False,False,False,True,False
1667,False,False,False,False,False,False,False,False,True,False,False,False,False,False,False,False,False,False,False,False,False,False,False,False,True,False,True,False,True,False,True
1668,True,True,False,False,False,True,False,False,True,True,False,False,False,False,False,False,False,False,False,False,False,False,False,True,False,False,False,False,False,False,False
1669,True,True,True,False,True,False,False,False,True,True,True,True,False,False,False,True,False,False,False,False,True,False,False,False,False,False,False,False,False,False,True
1670,False,False,False,False,False,False,False,False,False,True,False,False,False,False,False,False,False,False,False,True,True,False,False,False,False,True,False,False,True,False,True
1671,False,False,False,False,False,False,False,False,False,True,False,False,False,True,True,False,False,True,False,False,False,False,False,False,True,False,True,False,True,True,True
1672,True,False,False,True,False,False,False,True,False,False,True,False,False,True,False,True,False,False,True,True,True,True,False,False,False,False,False,False,False,False,False
1673,True,True,True,False,True,False,True,True,False,True,True,True,False,False,True,True,False,False,False,True,True,True,False,False,False,False,False,False,False,False,False
1674,False,False,False,False,False,False,False,False,False,False,False,False,False,False,False,False,False,False,False,False,False,False,False,False,False,True,False,False,True,True,True
1675,False,False,False,False,False,True,False,False,False,False,False,False,False,False,False,False,False,False,False,False,False,False,False,True,True,True,True,False,False,True,True
1676,True,True,False,False,False,False,False,False,False,False,True,False,False,False,False,False,False,True,False,True,False,False,False,False,False,True,False,False,False,False,False
1677,False,False,False,False,False,False,False,False,False,False,False,False,False,False,False,False,False,False,False,False,False,False,False,False,True,True,True,False,False,True,True
1678,True,True,False,True,False,True,False,False,True,False,False,False,False,False,True,False,False,False,False,False,False,False,False,True,False,False,True,False,False,False,False
1679,True,True,False,False,False,True,False,False,True,False,True,False,False,True,True,False,False,False,False,False,False,True,False,False,False,True,False,False,False,False,False
1680,True,False,True,False,False,True,False,False,False,False,True,False,False,True,False,False,False,False,False,False,False,False,False,False,False,True,True,False,False,False,False
1681,False,True,False,True,False,True,False,False,False,False,False,False,False,False,True,False,False,False,False,True,False,False,False,False,False,True,True,False,False,True,True
1682,True,True,False,True,False,True,False,False,False,False,True,False,False,True,True,False,False,False,False,False,False,False,False,False,True,False,True,False,False,False,False
1683,False,False,False,False,False,False,False,False,False,False,False,False,False,True,True,False,False,False,False,True,True,False,False,False,True,False,False,False,True,True,True
1684,True,False,True,False,False,False,False,False,True,True,True,True,True,True,True,True,False,False,False,False,True,False,False,False,False,False,False,False,False,False,False
1685,False,False,False,False,False,True,False,False,True,False,False,False,True,True,True,False,False,False,False,False,False,False,False,False,True,False,True,False,False,False,False
1686,False,False,False,False,False,False,False,False,False,False,False,False,False,True,False,False,False,False,False,True,False,False,False,False,False,True,False,False,False,False,True
1687,False,False,False,False,False,False,False,False,True,True,True,False,False,False,True,False,False,False,False,True,True,False,False,False,False,False,False,False,False,False,True
1688,True,True,False,False,False,True,False,False,False,False,False,False,False,False,False,False,False,False,False,True,True,False,False,False,True,False,True,False,False,False,False
1689,False,False,False,False,False,False,False,False,False,False,False,False,False,False,False,False,False,False,False,False,False,False,False,False,True,True,True,False,False,True,True
1690,False,False,False,True,False,False,False,False,True,True,True,False,False,False,False,False,False,False,False,True,True,False,False,False,True,False,True,False,False,False,False
1691,False,False,False,True,False,True,False,False,False,False,False,False,False,False,False,True,False,False,True,True,False,False,False,False,False,False,False,False,False,False,False
1692,False,False,False,False,False,False,False,False,False,False,False,False,False,True,False,True,False,False,False,True,True,False,False,True,False,False,False,False,False,False,False
1693,False,False,False,False,False,True,False,False,False,False,False,False,False,False,True,False,False,False,False,False,True,False,False,False,False,True,True,False,True,True,True
1694,False,False,False,False,False,True,False,False,False,False,False,False,False,True,False,False,False,False,False,True,False,False,False,False,False,False,True,False,False,False,True
1695,True,True,True,True,False,True,True,True,True,True,False,True,True,False,False,True,False,False,True,False,False,False,False,False,False,False,False,False,False,False,False
1696,True,True,False,False,False,False,False,False,True,False,False,False,False,False,True,True,False,True,True,False,False,False,False,False,False,False,False,False,False,False,False
1697,True,False,False,False,False,True,False,False,True,True,True,False,False,False,False,False,False,False,False,False,True,False,False,False,False,True,False,False,False,False,True
1698,True,False,True,False,False,False,True,True,True,True,True,False,False,False,False,False,False,False,False,True,True,False,False,False,False,False,False,False,False,False,False
1699,False,False,False,True,False,False,True,False,False,False,False,False,True,False,True,False,False,False,False,False,False,False,False,False,False,False,False,False,False,False,False
1700,False,False,False,False,False,False,False,False,False,False,False,False,False,False,False,False,False,False,False,False,True,False,False,False,False,True,False,False,False,False,False
1701,False,False,False,False,False,True,False,False,False,False,False,False,False,True,False,False,False,False,False,True,False,False,False,False,False,True,False,False,False,False,False
1702,False,True,False,True,False,False,False,False,True,True,False,False,False,False,False,False,False,True,False,False,False,False,False,False,False,True,True,False,True,True,True
1703,True,False,False,False,False,True,False,False,False,False,True,False,False,False,True,False,False,False,False,True,False,False,False,False,False,False,True,False,False,False,False
1704,False,False,False,True,False,False,False,False,True,False,True,False,False,False,False,False,True,False,False,False,False,False,True,False,False,True,True,False,False,True,True
1705,False,False,False,False,False,True,False,False,True,False,False,False,False,False,True,False,False,False,False,False,True,False,False,False,True,False,True,False,False,False,False
1706,True,False,False,False,False,True,False,False,False,False,True,False,False,False,True,False,False,False,False,False,False,False,False,False,False,False,False,False,False,False,False
1707,True,True,False,True,False,False,False,False,False,True,False,False,False,True,True,True,False,True,True,False,False,False,False,False,False,False,True,False,False,False,False
1708,False,False,False,False,False,False,False,False,False,False,False,False,False,False,False,True,False,False,False,False,False,False,False,False,False,True,False,False,False,True,True
1709,False,False,False,False,False,False,False,False,True,True,False,False,False,False,False,False,False,False,False,True,True,False,False,False,True,False,True,False,False,False,False
1710,False,False,False,False,False,True,False,False,False,False,False,False,False,False,False,False,False,False,False,False,False,False,False,False,True,False,True,False,False,False,True
1711,True,False,False,False,False,True,False,False,False,False,True,False,False,True,True,True,False,True,False,True,False,True,False,False,True,False,True,False,False,False,True
1712,False,False,False,False,False,False,False,False,False,True,False,False,False,False,False,False,False,False,False,False,False,False,False,False,False,False,True,False,True,False,True
1713,True,True,True,True,False,True,True,False,False,False,True,True,False,False,True,True,False,True,False,False,False,False,False,False,True,False,True,False,False,False,False
1714,True,True,False,True,False,True,False,False,False,False,False,False,False,False,True,False,False,True,False,False,False,True,False,False,True,False,True,False,False,False,False
1715,True,False,False,False,False,True,False,False,True,False,True,False,True,False,False,False,False,True,False,True,True,False,False,False,True,False,True,False,False,False,True
1716,True,False,True,False,True,True,True,False,False,False,False,False,False,False,False,False,False,False,False,False,False,False,False,False,False,False,False,False,False,False,True
1717,False,False,False,False,False,False,False,False,True,False,False,False,False,False,False,False,False,False,False,False,False,False,False,False,False,True,True,False,True,False,True
1718,True,False,False,False,False,True,False,False,False,False,False,False,False,False,False,True,False,False,False,False,False,False,False,False,False,False,True,False,False,False,False
1719,True,True,True,True,True,True,False,False,False,True,True,True,True,True,True,False,False,False,False,True,True,False,False,False,False,True,True,False,False,False,False
1720,False,False,False,True,False,True,False,False,False,False,False,False,False,False,True,False,False,False,False,False,False,False,False,False,False,True,False,False,False,True,True
1721,True,False,False,False,False,True,False,False,False,False,True,False,False,True,False,False,False,True,False,False,False,False,False,False,False,True,True,False,False,False,True
1722,True,False,False,False,False,True,False,False,False,False,True,False,False,False,False,False,False,False,False,False,False,False,False,False,False,False,False,False,False,False,False
1723,False,False,False,False,False,False,False,False,True,True,False,False,False,False,False,False,False,False,False,False,False,False,False,False,False,True,True,True,True,True,True
1724,True,True,False,True,False,False,False,False,False,False,False,False,False,False,True,True,False,False,False,False,False,True,False,False,False,False,True,False,False,False,False
1725,False,False,False,False,False,False,False,False,True,False,False,False,False,False,True,False,False,True,False,False,False,False,False,False,False,True,True,False,False,True,True
1726,True,True,False,True,False,True,False,True,True,False,True,False,False,False,True,False,False,False,False,True,True,False,False,False,True,False,True,False,False,False,False
1727,True,False,False,False,False,False,False,False,False,False,True,False,False,False,False,False,False,False,False,True,False,False,False,False,True,False,True,False,False,False,False
1728,False,False,False,False,False,False,False,False,False,True,False,False,False,False,False,False,False,False,False,False,True,False,False,False,False,True,True,False,True,False,True
1729,True,True,True,False,True,True,True,True,False,True,True,False,False,False,False,False,False,False,False,True,True,True,False,False,False,False,False,False,False,False,False
1730,False,False,False,False,False,True,False,False,False,False,False,False,False,False,False,False,False,False,False,False,False,False,False,False,False,True,True,False,False,True,True
1731,False,False,False,False,False,False,False,False,True,False,False,False,False,False,False,False,False,False,False,False,False,False,False,False,False,True,True,False,True,True,True
1732,False,False,False,False,False,True,False,False,False,False,False,False,False,True,False,True,False,False,False,False,False,False,False,False,False,True,True,False,False,True,True
1733,True,True,True,True,False,True,False,False,False,False,False,False,False,True,True,False,False,False,False,False,False,False,False,False,False,True,True,False,False,False,True
1734,True,True,True,True,False,True,True,False,False,False,True,True,False,False,True,False,False,False,False,False,False,False,False,False,False,False,False,False,False,False,True
1735,True,False,False,True,False,False,False,False,True,False,True,False,False,False,False,False,False,False,False,True,True,False,False,False,False,True,False,False,False,False,False
1736,False,False,False,True,False,True,False,False,True,False,False,False,False,False,False,False,False,False,False,True,True,False,False,False,False,True,False,False,False,True,False
1737,False,False,False,False,False,False,False,False,False,False,False,False,False,True,False,False,False,True,False,False,True,False,False,False,True,False,True,False,True,False,True
1738,False,False,False,False,False,True,False,False,False,False,True,False,True,True,True,False,False,False,False,False,False,False,False,False,False,True,True,False,True,False,False
1739,True,False,False,False,False,True,False,False,True,False,True,False,False,True,True,True,False,True,False,True,True,True,False,False,True,True,True,False,False,False,False
1740,False,False,False,False,False,True,False,False,False,False,False,False,False,False,True,False,False,False,False,False,False,False,False,False,True,True,True,False,False,True,True
1741,False,False,False,False,False,True,False,False,False,False,False,False,False,True,False,True,False,False,False,True,False,False,False,False,False,False,False,False,False,True,True
1742,False,False,False,False,False,True,False,False,False,False,False,False,False,False,False,False,False,False,False,True,False,False,False,False,False,False,False,False,False,False,True
1743,False,False,False,False,False,False,False,False,True,True,False,False,False,False,True,False,False,False,False,True,True,False,False,False,False,True,False,False,False,True,False
1744,False,False,False,False,False,False,False,False,False,False,False,False,False,False,False,False,False,False,False,True,False,True,False,False,False,True,True,False,True,True,True
1745,False,False,False,False,False,True,False,False,False,False,False,False,False,False,True,False,False,False,False,False,False,False,False,False,False,True,True,False,False,False,True
1746,False,False,False,False,False,True,False,False,False,False,False,False,False,False,True,False,False,False,False,False,False,False,False,False,True,True,True,False,False,True,True
1747,False,False,False,False,False,False,False,False,False,False,False,False,False,False,False,False,False,False,False,False,False,False,False,False,False,True,True,False,True,False,True
1748,False,False,False,False,False,False,False,False,False,True,False,False,False,True,True,False,False,True,False,False,True,False,False,False,False,True,True,False,False,True,False
1749,True,True,True,False,True,True,False,False,False,False,True,True,False,False,True,False,False,False,True,True,False,False,False,False,False,False,False,False,False,False,False
1750,True,False,True,False,False,False,False,False,True,False,True,False,False,True,False,False,False,False,False,True,True,False,False,False,False,True,True,False,False,False,False
1751,False,False,False,False,False,True,False,False,False,False,False,False,False,False,False,False,False,True,False,False,False,False,False,False,True,False,True,False,False,False,False
1752,True,False,False,False,False,True,False,False,True,False,False,False,False,False,False,True,False,False,False,False,True,False,False,True,True,False,True,False,False,True,False
1753,True,False,False,False,False,True,False,False,True,False,False,False,False,False,True,False,False,False,False,False,False,True,False,False,True,False,True,False,False,False,False
1754,False,False,False,False,False,True,False,False,False,True,False,False,False,False,False,False,False,True,False,False,False,False,False,False,True,False,True,False,True,True,True
1755,False,True,False,False,False,True,False,False,False,False,True,False,False,False,True,False,False,True,False,False,False,True,False,False,False,False,False,False,False,False,True
1756,False,False,False,False,False,True,False,False,False,False,False,False,False,False,False,False,False,False,False,True,False,False,False,False,False,True,True,False,False,True,True
1757,False,False,False,False,False,False,False,False,False,False,False,False,False,False,False,False,False,True,False,True,False,True,False,False,True,False,True,False,False,True,False
1758,True,False,False,False,False,True,False,False,True,False,True,False,False,True,False,False,False,False,False,True,True,False,False,False,False,True,True,False,False,True,False
1759,True,True,False,True,False,True,False,False,True,True,False,False,False,False,True,False,False,True,False,False,True,False,False,False,True,False,True,False,False,False,False
1760,False,False,False,True,False,False,False,False,False,True,False,False,False,False,False,False,False,False,False,False,False,False,False,False,False,True,False,False,True,True,True
1761,True,False,False,False,False,False,False,False,False,True,False,False,False,False,True,False,False,False,False,False,False,False,False,False,False,True,False,False,False,True,False
1762,False,False,False,False,False,False,False,False,False,False,False,False,False,False,False,False,False,False,False,False,False,True,False,False,False,False,False,False,False,False,False
1763,False,False,False,False,False,False,False,False,False,False,False,False,False,False,False,False,False,True,False,True,False,False,False,False,True,False,True,False,False,False,True
1764,False,False,False,False,False,True,False,False,False,False,False,False,False,False,False,True,False,False,True,False,False,False,False,False,False,True,False,False,False,True,True
1765,False,False,False,False,False,False,False,False,False,False,False,False,False,False,False,False,False,False,False,False,False,False,False,False,False,True,True,False,False,True,True
1766,False,False,False,True,False,False,False,False,False,False,False,False,False,False,False,True,False,False,True,True,False,False,True,False,False,False,False,False,False,False,True
1767,False,False,False,False,False,False,False,False,False,False,False,False,False,False,False,False,False,False,False,False,False,False,False,False,False,True,False,False,False,True,True
1768,False,False,False,False,False,True,False,False,False,False,False,False,False,False,True,False,False,False,False,False,False,False,False,False,False,True,False,False,True,True,True
1769,False,False,False,False,False,False,False,False,False,False,False,False,True,False,False,False,False,False,False,False,False,False,False,False,False,True,False,False,True,True,True
1770,False,False,False,False,False,True,False,False,False,True,False,False,False,False,False,False,False,False,False,True,True,False,False,False,False,True,True,False,True,True,True
1771,True,True,True,True,False,True,False,False,False,False,True,True,False,True,True,True,False,False,False,False,False,False,False,False,False,False,True,False,False,False,False
1772,False,False,False,False,False,True,False,True,True,True,False,False,False,False,False,True,False,True,False,False,False,False,False,False,True,False,True,False,True,False,True
1773,True,False,True,False,True,False,False,False,False,True,True,False,False,False,False,False,False,False,False,True,True,False,False,False,False,False,False,False,False,False,False
1774,True,True,True,False,False,False,True,True,False,True,True,False,False,False,False,False,False,False,False,False,True,True,False,False,False,False,False,False,False,False,False
1775,True,False,True,False,True,True,True,True,False,True,False,False,False,False,False,False,False,False,False,False,False,False,False,True,False,False,False,False,False,False,False
1776,True,False,False,False,False,False,False,False,True,False,True,False,False,True,False,False,False,False,False,True,True,False,False,False,False,False,True,False,False,False,False
1777,True,False,False,False,False,True,False,False,False,False,True,False,False,False,False,False,False,False,False,False,False,False,False,False,False,True,False,False,False,False,False
1778,True,True,False,True,False,False,False,False,False,False,True,False,False,False,True,False,False,False,False,True,True,True,False,False,False,True,False,False,False,False,False
1779,True,False,True,False,False,True,True,True,False,True,True,False,False,False,False,False,False,False,False,False,True,False,False,False,False,False,False,False,False,False,False
1780,False,False,False,True,False,True,False,False,False,False,False,False,False,False,True,True,False,False,False,False,False,False,False,False,False,False,False,False,False,False,False
1781,False,False,False,False,False,False,False,False,False,False,False,False,False,False,True,False,False,False,False,False,False,False,False,False,False,True,True,False,False,True,True
1782,False,False,False,True,False,False,False,True,True,False,False,False,False,False,False,False,False,False,False,False,False,False,False,False,False,True,False,False,False,True,False
1783,True,True,True,False,True,False,True,False,False,True,True,False,False,True,False,False,False,False,False,True,True,False,False,False,False,False,False,False,False,False,False
1784,True,True,False,False,False,True,False,False,True,True,False,False,True,False,False,False,False,True,False,False,False,False,False,False,False,False,True,False,False,False,False
1785,True,True,True,True,True,False,True,True,False,True,True,False,True,False,False,False,False,False,False,False,True,False,False,False,False,False,False,False,False,False,False
1786,True,False,False,False,False,True,False,False,True,False,False,False,False,False,True,True,False,False,False,False,False,False,False,False,True,False,True,False,False,False,True
1787,False,False,False,False,False,False,False,False,True,False,False,False,False,False,True,False,False,False,False,False,True,False,False,False,True,False,True,False,True,False,False
1788,False,True,False,True,False,True,False,False,False,False,False,False,False,True,True,False,False,False,False,True,False,False,False,False,False,True,False,False,False,False,False
1789,False,False,False,False,False,False,False,False,True,False,False,False,False,False,True,False,False,False,False,True,True,False,False,False,False,True,True,False,True,False,True
1790,False,False,False,False,False,False,False,False,False,False,False,False,False,False,False,False,True,False,False,False,False,False,True,False,False,True,True,False,False,False,True
1791,True,True,True,True,True,True,True,False,False,False,True,False,False,False,True,False,False,False,False,True,False,False,False,False,False,False,False,False,False,False,False
1792,True,True,True,True,False,True,False,False,False,False,True,True,False,True,True,False,False,False,False,True,False,False,False,True,False,False,True,False,False,False,False
1793,False,False,False,False,False,False,False,False,False,False,False,False,False,False,False,False,False,False,False,False,False,False,False,False,False,True,False,False,False,True,True
1794,False,False,False,False,False,False,False,False,True,True,False,False,False,False,False,False,False,False,False,False,False,False,False,True,False,True,False,False,True,False,True
1795,False,False,False,False,False,False,False,False,False,False,False,False,False,False,False,False,False,True,False,True,True,False,False,False,False,True,True,False,True,True,True
1796,False,False,False,False,False,False,False,False,False,False,False,False,False,False,True,False,False,True,False,False,False,False,False,False,False,True,True,False,True,True,True
1797,True,False,False,False,False,True,False,False,False,True,False,False,False,False,True,False,False,False,False,False,False,False,False,False,True,False,True,False,False,False,False
1798,True,False,True,True,True,False,True,False,False,False,False,False,True,False,False,False,True,True,False,False,False,False,True,False,False,False,True,False,False,False,False
1799,True,False,False,False,False,True,False,False,False,False,True,False,False,True,False,False,False,False,False,False,False,False,False,False,False,True,True,False,False,False,False
1800,True,False,True,False,False,True,False,False,True,False,True,True,False,True,True,False,False,False,False,True,False,False,False,False,False,True,True,False,False,False,False
1801,False,False,False,False,False,False,False,False,False,False,False,False,False,True,True,False,False,False,False,False,False,False,False,False,False,True,True,False,False,False,False
1802,False,False,False,False,False,False,False,False,False,False,False,False,False,True,True,False,False,False,False,False,False,True,False,False,True,False,True,False,False,False,False
1803,False,False,False,False,False,False,False,False,False,False,False,False,False,False,True,False,True,False,False,False,False,False,True,False,False,True,True,False,False,True,True
1804,True,True,True,False,False,True,False,False,False,False,True,True,True,False,True,True,False,False,False,True,False,False,False,False,False,True,False,False,False,False,True
1805,False,False,False,True,False,True,False,False,False,False,False,False,False,False,True,False,False,False,False,False,False,False,False,False,False,True,True,False,False,True,True
1806,True,True,True,True,True,True,False,False,False,True,True,False,False,False,False,False,False,False,False,True,False,False,False,False,False,False,False,False,False,False,False
1807,False,False,False,False,False,True,False,False,False,False,False,False,False,False,False,False,False,False,False,False,False,False,False,False,True,False,True,False,True,True,True
1808,True,True,True,False,True,False,False,False,False,False,False,True,False,False,False,True,True,False,True,False,False,False,True,False,False,False,True,False,False,False,False
1809,True,False,False,False,False,True,False,False,True,False,False,False,False,False,False,False,False,False,False,False,True,False,False,False,True,False,True,False,False,False,False
1810,True,True,True,True,True,True,True,False,False,False,True,True,True,False,True,True,False,True,True,False,False,False,False,False,True,False,True,False,False,True,False
1811,False,False,False,False,False,False,False,False,False,False,False,False,False,False,False,False,False,False,False,False,False,False,False,False,False,True,False,False,False,False,False
1812,False,False,False,True,False,False,False,False,False,True,False,False,False,False,True,False,False,False,False,False,False,False,False,False,False,False,False,False,False,False,False
1813,False,False,False,False,False,True,False,False,False,False,False,False,True,False,True,False,False,False,False,False,True,False,False,False,True,False,True,False,False,False,False
1814,False,False,False,False,False,False,True,False,False,False,False,False,False,False,False,False,False,False,False,False,False,False,False,False,False,False,False,False,True,False,True
1815,False,False,False,False,False,False,False,False,False,False,False,False,False,True,False,False,False,False,False,False,False,True,False,False,False,True,True,False,False,False,False
1816,False,False,False,True,False,True,False,False,False,False,False,False,False,False,False,False,False,False,False,True,False,False,False,False,False,False,True,False,False,False,False
1817,False,False,False,False,False,True,False,False,False,False,False,False,False,False,False,False,False,False,False,False,False,True,False,False,False,True,True,False,False,False,True
1818,False,False,False,False,False,True,False,False,False,True,False,False,False,False,False,False,False,False,False,False,True,False,False,False,False,False,False,False,True,False,True
1819,True,False,True,False,True,False,False,True,True,True,True,False,False,True,False,False,False,False,False,False,True,False,False,False,False,False,False,False,False,False,False
1820,False,False,False,False,False,True,False,False,True,False,True,False,False,True,False,False,False,False,False,True,False,False,False,False,False,True,False,False,False,False,False
1821,False,False,False,False,False,False,False,False,False,False,False,False,True,False,False,False,False,False,False,False,False,False,False,False,False,False,False,False,False,False,False
1822,True,True,False,True,False,True,False,False,False,False,True,False,False,False,True,False,False,True,False,True,True,False,False,False,False,False,False,False,False,False,False
1823,True,True,True,True,False,True,False,False,False,False,True,False,False,False,True,False,False,False,False,True,True,False,False,False,False,True,False,False,False,False,False
1824,True,False,False,True,False,False,False,False,False,False,True,False,False,False,False,False,False,False,False,False,False,False,False,False,False,False,False,False,False,False,False
1825,False,False,False,False,False,False,False,False,False,False,False,False,False,True,False,False,False,False,False,False,True,False,False,False,False,True,False,False,True,True,True
1826,True,False,True,False,True,False,True,True,True,True,False,False,True,False,False,True,False,False,False,False,False,False,False,False,True,False,True,False,False,False,False
1827,False,False,False,False,False,True,False,False,False,False,False,False,False,False,False,False,False,False,False,True,False,False,False,False,True,False,True,False,False,True,True
1828,False,False,False,False,False,False,False,False,False,False,False,False,False,False,False,False,False,False,False,False,False,True,False,False,False,False,False,False,False,False,False
1829,True,False,True,False,False,True,False,False,False,False,False,False,False,True,False,False,False,True,False,False,False,True,False,False,False,True,True,False,False,False,False
1830,True,False,False,False,False,False,False,False,True,False,True,False,False,False,False,False,False,False,False,False,True,False,False,True,False,False,False,False,False,False,False
1831,False,False,False,False,False,False,False,False,True,False,False,False,False,True,False,False,False,False,False,False,False,False,False,False,True,False,True,False,False,False,False
1832,False,False,False,False,False,True,False,False,False,False,False,False,False,True,False,True,False,False,True,True,True,False,False,False,False,False,True,False,False,False,False
1833,False,False,False,False,False,False,False,False,True,True,False,False,False,False,False,False,False,False,False,False,False,False,False,False,False,False,False,False,False,False,False
1834,True,False,True,False,False,True,True,True,True,True,True,False,True,False,False,False,False,False,False,True,True,False,False,False,False,False,False,False,False,False,True
1835,True,False,False,False,False,False,False,False,False,False,False,False,False,False,True,False,False,False,False,False,False,False,False,False,False,False,False,False,False,False,False
1836,False,True,False,True,False,False,False,False,True,True,False,False,False,True,True,False,False,True,False,False,False,False,False,False,False,False,True,False,False,False,False
1837,True,True,True,False,False,True,True,True,False,True,True,True,False,False,False,True,False,False,False,False,True,False,False,False,True,False,True,False,False,False,False
1838,False,False,False,False,False,False,False,False,False,False,False,False,False,False,True,False,False,False,False,False,False,False,False,False,False,True,True,False,True,False,True
1839,False,False,False,False,False,False,False,True,False,True,False,False,False,False,False,False,False,False,False,False,False,False,False,False,False,False,True,False,False,False,False
1840,False,False,False,False,False,True,False,False,False,False,True,False,False,False,False,False,False,True,False,True,False,False,False,False,False,True,True,False,False,False,True
1841,False,False,False,True,False,False,False,False,False,False,False,False,False,False,False,True,False,False,False,False,False,True,False,False,False,False,False,False,False,False,False
1842,False,False,False,False,False,False,False,False,True,True,False,False,True,False,False,False,False,False,False,False,False,False,False,False,True,False,True,True,True,True,True
1843,False,False,False,False,False,False,False,False,False,False,False,False,False,True,False,False,False,False,False,True,True,False,False,False,True,False,True,False,False,False,False
1844,True,True,True,True,True,False,True,True,False,True,False,False,True,False,False,False,False,False,False,False,False,False,False,False,True,False,True,False,False,False,False
1845,False,False,False,False,False,False,False,False,True,True,True,False,False,True,False,False,False,False,False,False,False,False,False,False,False,True,True,False,True,False,True
1846,False,False,False,False,False,False,False,True,True,False,False,False,False,False,True,False,False,False,False,False,False,False,False,False,False,True,True,False,True,False,True
1847,True,False,False,False,False,False,False,False,False,False,True,False,False,False,False,False,False,False,False,False,False,True,False,False,False,False,False,False,False,False,False
1848,True,True,False,True,False,False,True,False,True,False,False,False,False,False,False,False,False,False,False,False,False,False,False,True,False,False,False,False,False,False,True
1849,True,True,True,True,False,False,False,False,False,False,True,False,True,False,False,False,False,False,False,True,False,False,False,False,False,False,True,False,False,True,False
1850,False,False,False,False,False,False,False,False,True,False,False,False,False,True,False,False,False,False,False,False,True,False,False,False,False,False,False,False,False,False,True
1851,False,False,False,False,False,True,False,False,False,False,False,False,False,False,False,False,False,False,False,False,False,False,False,False,False,True,False,False,False,False,True
1852,False,False,False,False,False,False,False,False,False,True,False,False,False,False,False,False,False,False,False,False,False,False,False,False,True,False,True,False,True,False,True
1853,False,False,False,False,False,False,False,False,True,True,False,False,False,False,False,False,False,False,False,True,True,False,False,False,False,False,False,False,True,True,True
1854,True,True,False,False,False,True,False,False,False,True,False,False,False,False,True,False,False,True,False,True,True,True,False,False,False,False,True,False,False,False,False
1855,False,True,False,True,False,False,False,False,False,False,False,False,False,False,True,False,False,False,False,False,False,True,False,False,False,False,False,False,False,False,False
1856,False,True,False,False,False,False,False,False,True,True,False,False,False,False,True,False,False,False,False,False,True,False,False,False,False,False,True,False,True,True,True
1857,False,False,False,False,False,True,False,False,False,False,False,False,False,False,False,False,False,False,False,False,False,False,False,False,False,True,True,False,False,False,True
1858,False,False,False,False,False,False,False,False,True,False,False,False,False,False,False,False,False,False,False,False,False,True,False,False,True,False,True,False,False,False,False
1859,True,False,False,False,False,True,False,False,True,False,False,False,False,True,False,False,False,False,False,False,False,False,False,False,True,False,True,False,False,False,False
1860,True,False,False,False,False,False,True,False,True,True,False,False,False,False,True,False,False,False,False,False,False,False,False,False,False,False,False,False,False,False,False
1861,False,False,False,True,False,False,False,False,False,True,False,False,False,False,False,False,False,False,False,True,True,False,False,False,False,True,False,False,True,False,False
1862,False,False,False,False,False,False,False,False,True,True,False,False,False,True,False,False,False,False,False,False,False,False,False,False,False,True,True,False,True,True,True
1863,True,True,True,False,False,True,False,False,False,False,True,False,False,True,True,False,False,True,False,True,True,True,False,False,False,True,True,False,False,True,False
1864,True,True,True,True,False,True,False,False,False,False,True,False,False,True,False,False,False,False,False,True,False,False,False,False,False,True,True,False,False,False,False
1865,False,False,False,False,False,False,False,False,False,False,False,False,False,False,False,False,False,False,False,True,True,False,False,False,False,True,True,False,True,False,True
1866,True,True,False,False,False,True,False,False,False,False,True,True,False,True,False,False,False,True,False,True,False,False,False,False,False,True,True,False,False,True,False
1867,False,False,False,False,False,False,False,False,True,False,False,False,False,False,False,False,False,False,False,False,False,False,False,False,False,False,False,False,False,False,False
1868,False,False,False,False,False,True,False,False,False,False,False,False,False,False,False,False,False,False,False,False,False,False,False,False,False,True,True,False,False,True,True
1869,False,False,False,False,False,True,False,False,False,False,False,False,False,False,False,False,False,False,False,True,False,False,False,False,True,False,False,True,False,True,True
1870,True,True,True,False,False,False,False,False,True,False,True,False,False,True,True,False,False,True,False,True,True,False,False,False,False,True,True,False,True,False,False
1871,False,True,False,True,False,True,False,False,False,False,False,False,False,False,False,False,False,False,False,False,False,False,False,False,False,True,False,False,False,False,False
1872,True,True,True,False,False,False,True,True,True,True,False,False,False,False,False,False,False,True,False,False,False,False,False,False,False,False,False,False,False,False,False
1873,True,True,True,True,True,True,True,False,False,True,False,True,False,True,False,True,False,True,False,False,False,False,False,False,False,True,False,False,False,False,False
1874,False,True,False,True,False,True,False,False,False,False,False,False,False,True,True,False,False,True,False,False,False,True,False,False,False,False,True,False,False,False,False
1875,False,False,False,True,False,False,False,False,False,True,False,False,False,False,False,False,False,False,False,False,False,False,False,False,False,True,True,False,True,False,True
1876,False,False,False,False,False,False,False,False,False,False,False,False,False,False,True,False,False,False,False,False,False,False,False,False,False,True,False,False,True,False,True
1877,False,False,False,False,False,False,False,False,False,False,True,False,False,False,False,False,False,False,False,False,False,False,False,False,False,True,False,False,True,True,False
1878,False,False,False,True,False,False,False,False,False,False,True,False,False,False,True,False,False,False,False,True,True,True,False,False,False,False,False,False,False,True,False
1879,False,False,False,False,False,True,False,False,True,False,False,False,False,False,False,False,False,False,False,False,True,False,False,False,True,False,True,False,True,False,True
1880,False,True,False,True,False,True,False,False,False,False,True,False,False,False,False,False,False,False,False,False,False,False,False,False,False,True,False,False,False,False,False
1881,False,True,False,True,False,True,False,False,False,False,True,False,False,False,True,True,False,False,False,True,True,False,False,False,False,True,False,False,False,False,False
1882,True,True,True,True,False,True,False,False,False,False,False,False,False,False,False,False,False,False,False,False,False,False,False,False,False,False,False,False,False,True,False
1883,True,True,True,False,True,False,False,False,False,False,False,False,True,False,True,False,False,False,False,False,False,False,False,False,False,False,False,False,False,False,False
1884,False,True,False,False,False,True,False,False,False,False,False,False,False,False,False,False,False,False,False,True,False,False,False,False,True,True,True,False,False,True,True
1885,True,True,True,False,True,True,True,False,False,False,True,False,True,False,False,False,False,False,False,False,False,False,False,False,False,False,False,False,False,False,False
1886,True,True,True,True,False,False,True,True,False,True,True,False,False,False,True,False,False,False,False,True,True,False,False,False,False,False,False,False,False,False,False
1887,False,False,False,False,False,False,True,False,False,False,False,False,False,False,False,False,True,False,False,False,False,True,True,False,True,False,True,False,False,True,True
1888,False,False,False,False,False,False,False,False,False,False,False,False,False,True,False,False,False,False,False,True,True,False,False,False,False,True,True,True,True,False,True
1889,False,False,False,True,False,True,False,False,False,False,False,False,False,False,False,True,False,False,True,True,False,False,True,False,False,False,False,False,False,False,False
1890,False,False,False,False,False,True,False,False,False,True,False,False,False,True,False,False,False,False,False,True,True,False,False,False,True,False,True,False,True,True,True
1891,False,False,False,False,False,False,False,False,False,False,False,False,False,False,False,False,False,False,False,True,False,False,False,False,False,True,True,False,False,True,True
1892,False,True,False,True,False,True,False,False,False,False,False,False,False,True,False,False,False,True,False,True,False,True,False,False,True,False,True,False,False,False,False
1893,False,False,False,False,False,True,False,False,True,False,False,False,False,False,False,False,False,False,False,False,True,False,False,False,True,False,True,False,True,True,False
1894,False,False,False,False,False,False,False,False,False,False,False,False,False,False,True,True,False,False,False,False,False,True,False,False,True,False,True,False,False,True,False
1895,True,True,True,False,False,False,True,True,False,True,False,False,False,False,True,False,False,False,False,False,False,False,False,False,False,False,False,False,False,False,False
1896,False,False,False,False,False,True,False,True,True,False,True,False,False,True,False,False,False,False,False,True,True,True,False,False,False,True,False,False,True,False,False
1897,False,True,False,True,False,False,False,False,False,True,False,False,False,False,False,False,False,True,False,False,True,False,False,False,False,True,False,False,False,False,False
1898,True,True,True,True,False,True,False,False,True,False,True,True,False,False,False,True,False,False,False,True,False,False,True,False,False,False,False,False,False,False,False
1899,False,False,False,False,False,False,False,False,False,False,False,False,False,False,False,False,False,True,False,False,False,False,False,False,True,False,True,False,True,True,True
1900,False,True,False,True,False,False,False,False,False,False,False,False,True,False,True,False,False,False,False,False,False,True,False,False,False,False,False,False,False,False,False
1901,False,False,False,True,False,False,False,False,False,False,False,True,False,False,False,True,False,False,False,False,False,False,False,False,False,False,False,False,True,True,True
1902,False,False,False,False,False,False,False,False,False,False,False,False,False,False,False,False,False,False,False,False,False,False,False,False,False,False,False,False,False,False,False
1903,True,True,False,True,False,False,False,False,False,False,True,False,False,False,True,False,False,False,False,True,False,False,False,False,False,False,False,False,False,False,False
1904,False,True,False,False,False,True,False,False,False,False,False,False,False,False,False,True,False,True,False,True,False,True,True,False,False,False,True,False,False,False,False
1905,False,True,False,False,False,False,False,True,True,False,False,False,False,True,True,False,False,False,False,False,False,False,False,False,False,True,False,True,False,True,False
1906,True,True,True,False,False,True,False,False,True,True,True,True,True,True,False,False,False,True,False,False,True,True,False,False,False,False,True,False,False,False,False
1907,False,False,False,False,False,True,False,False,False,False,False,False,False,True,False,False,False,True,False,False,False,True,False,False,True,True,True,False,False,True,True
1908,False,True,False,False,False,True,False,False,False,False,True,False,False,True,False,False,False,False,False,True,False,False,False,False,False,True,False,False,False,True,False
1909,True,False,False,False,False,False,False,False,False,False,False,False,False,False,False,False,False,False,False,False,False,False,False,False,True,False,True,False,False,False,False
1910,False,False,False,False,False,False,False,False,False,True,False,False,True,True,True,False,False,False,False,False,False,False,False,False,True,True,True,False,True,True,True
1911,True,False,False,False,False,True,False,False,False,True,False,False,False,False,False,False,False,False,False,False,False,False,False,True,False,False,False,False,False,False,False
1912,True,True,False,False,False,True,False,False,True,False,False,True,False,False,True,False,False,False,False,False,False,False,False,False,False,True,False,False,False,False,False
1913,False,False,False,False,False,False,False,False,False,True,False,False,False,False,True,False,False,False,False,False,True,False,False,False,False,True,True,True,True,True,True
1914,False,False,False,False,False,True,False,False,False,False,False,False,False,True,True,False,False,False,False,False,False,False,False,False,False,True,True,False,False,False,False
1915,False,True,False,True,False,False,False,False,False,False,False,False,False,False,True,False,False,False,False,False,False,False,False,True,True,False,True,False,False,False,False
1916,False,False,False,True,False,False,False,False,True,True,False,False,False,False,True,True,False,False,True,True,True,False,False,False,False,False,True,False,True,True,True
1917,False,False,False,False,False,False,True,False,False,False,False,False,False,False,False,False,False,False,False,True,False,False,False,True,False,False,False,False,True,False,True
1918,False,False,False,False,False,True,False,False,False,False,False,False,False,False,False,False,False,True,False,False,False,False,False,False,True,False,True,False,False,False,True
1919,False,False,False,False,False,True,False,False,False,False,False,False,False,False,False,False,False,False,False,False,False,False,False,False,False,True,True,False,False,True,True
1920,False,False,False,False,False,False,False,True,False,True,False,False,False,False,False,False,False,False,False,False,False,False,False,False,False,False,False,False,False,False,False
1921,False,False,False,False,False,True,False,False,False,False,False,False,False,True,True,False,False,False,False,True,False,False,False,False,False,True,True,False,False,False,True
1922,False,False,False,False,False,False,False,False,False,False,False,False,False,False,False,False,False,False,False,True,True,False,False,False,False,True,True,False,True,True,True
1923,True,False,False,False,False,True,False,False,True,False,True,False,False,True,False,False,False,False,False,True,True,False,False,False,False,True,True,False,False,False,False
1924,False,False,False,False,False,True,False,False,False,False,False,False,False,True,False,False,False,True,False,False,False,False,False,False,False,True,True,False,False,False,False
1925,False,False,False,False,False,False,False,False,False,True,True,False,False,True,True,False,False,False,False,False,False,False,False,False,True,True,True,False,False,False,False
1926,True,True,True,False,False,True,False,False,False,False,False,True,False,False,True,False,True,False,False,False,False,False,True,False,False,False,False,False,False,False,False
1927,True,True,False,True,False,True,True,True,False,True,False,False,True,False,False,False,False,False,False,False,False,False,False,False,False,False,False,False,False,False,False
1928,True,True,False,True,False,True,False,False,False,False,False,True,True,False,False,False,False,False,True,False,False,False,False,False,False,False,False,False,False,False,False
1929,False,False,False,False,False,False,False,False,False,True,False,False,False,True,False,False,False,True,False,True,True,False,False,False,True,False,True,False,False,False,False
1930,False,False,False,True,False,False,False,False,True,False,False,False,False,True,True,False,False,False,False,False,False,False,False,False,True,False,True,False,False,False,True
1931,True,True,False,False,False,True,False,False,False,False,True,False,False,False,True,False,False,False,False,True,True,False,False,False,False,False,False,False,False,False,True
1932,False,False,False,False,False,True,False,False,False,False,True,False,False,True,True,False,False,False,False,True,False,False,False,False,False,True,True,False,False,False,False
1933,True,False,False,False,False,True,False,False,True,True,True,False,False,False,False,True,False,False,True,False,True,False,True,False,False,False,True,False,False,True,False
1934,False,False,False,False,False,False,False,False,False,False,False,False,False,False,False,False,False,False,False,False,False,False,False,False,False,True,False,False,False,False,False
1935,False,False,False,False,False,False,False,False,False,False,False,False,False,False,True,False,False,False,False,False,False,False,False,False,False,True,True,False,False,True,True
1936,False,False,False,False,False,False,False,False,False,False,False,False,False,True,True,False,False,True,False,True,True,False,False,False,False,True,True,False,False,False,False
1937,False,False,False,False,False,False,False,False,True,False,False,False,False,False,False,False,False,False,False,True,True,False,False,False,False,True,False,False,True,True,True
1938,False,False,False,False,False,False,False,False,True,False,True,False,False,False,False,True,False,False,False,False,True,False,False,False,True,False,True,False,False,False,False
1939,True,False,True,False,False,True,False,False,True,True,False,True,False,False,False,True,False,False,False,False,False,False,False,False,False,False,False,False,False,False,False
1940,False,False,False,False,False,False,False,False,False,False,False,False,False,False,False,True,False,False,False,False,False,False,False,False,False,False,False,False,False,False,True
1941,False,False,False,False,False,False,False,False,True,False,False,False,False,False,False,False,False,False,False,False,False,False,False,False,False,True,False,False,False,False,False
1942,True,False,False,False,False,True,False,False,True,False,True,False,False,True,False,False,False,False,False,True,True,False,False,False,False,False,True,False,False,True,False
1943,False,False,False,False,False,False,False,False,False,False,False,False,False,False,True,False,False,True,False,False,False,False,False,False,False,False,False,False,False,False,True
1944,False,True,False,False,False,True,False,False,False,False,False,False,False,True,True,False,False,True,False,True,False,True,False,False,False,True,True,False,False,False,False
1945,False,False,False,False,False,True,False,False,True,True,True,False,False,False,False,False,False,True,False,False,True,False,False,False,False,True,True,False,True,True,True
1946,True,True,True,False,True,False,False,False,True,True,False,True,False,True,True,True,False,True,False,False,False,True,False,False,False,False,True,False,False,False,False
1947,False,False,False,False,False,False,False,False,False,False,False,False,False,False,True,False,False,False,True,False,False,True,True,False,False,False,False,False,False,False,False
1948,True,True,True,False,True,True,True,False,False,False,True,False,False,True,True,False,False,False,False,False,False,False,False,False,True,False,True,False,False,False,False
1949,True,False,True,False,True,False,True,True,True,True,False,False,False,False,True,False,False,False,False,False,False,False,False,False,True,False,True,False,False,False,False
1950,True,True,False,False,False,False,False,False,True,True,False,False,False,False,False,False,False,False,False,False,False,False,False,False,False,True,False,False,False,False,False
1951,True,True,True,True,True,False,True,False,False,False,False,False,False,False,True,False,False,False,False,False,False,False,False,False,False,False,False,False,False,False,False
1952,False,False,False,False,False,True,False,False,False,False,False,False,False,False,False,False,False,False,False,False,True,False,False,False,False,True,True,False,True,False,True
1953,False,False,False,False,False,False,False,False,False,True,False,False,False,False,False,False,False,False,False,True,True,False,False,False,True,False,True,False,False,False,False
1954,False,False,False,False,False,False,False,False,False,True,False,False,False,False,True,False,False,False,False,False,True,False,False,False,False,True,True,True,True,False,True
1955,True,True,True,True,True,True,False,False,False,True,True,False,False,True,False,False,False,True,False,False,True,True,False,False,False,True,True,False,False,False,False
1956,True,False,False,False,False,True,False,False,False,True,False,False,False,False,True,False,False,True,False,False,False,True,False,False,False,True,True,False,False,True,False
1957,True,True,True,False,False,True,True,False,False,False,False,False,True,False,False,False,False,False,False,True,True,False,False,False,False,False,True,False,False,False,False
1958,False,False,False,False,False,True,False,False,True,False,True,False,False,True,False,False,False,False,False,True,True,False,False,False,True,False,True,False,False,False,False
1959,True,True,True,True,False,False,False,False,False,False,False,False,False,True,True,False,True,False,False,False,False,False,True,False,False,True,True,False,False,True,False
1960,True,True,False,True,False,True,True,False,False,False,True,False,False,True,True,False,False,False,False,True,False,False,False,False,False,False,True,False,False,False,False
1961,False,False,False,False,False,False,False,False,False,False,False,False,False,False,True,False,False,False,False,False,False,False,False,False,False,False,True,False,True,False,True
1962,False,False,False,False,False,True,False,False,True,False,False,False,False,True,False,False,False,False,False,True,True,False,False,False,True,False,True,False,False,True,False
1963,False,True,False,True,False,False,False,False,False,False,False,False,False,False,False,False,False,True,False,True,True,True,False,False,True,False,True,False,False,False,False
1964,False,False,False,False,False,False,False,False,False,False,False,False,False,False,False,False,False,False,False,True,True,False,False,False,False,True,True,True,True,False,True
1965,False,False,False,False,False,True,False,False,True,False,False,False,False,False,False,False,False,False,False,False,False,False,False,False,False,False,True,False,False,False,True
1966,False,True,False,True,False,False,False,False,False,True,False,False,False,False,True,False,False,False,False,False,False,False,False,False,False,False,True,False,False,False,True
1967,True,True,True,True,True,True,False,False,False,False,True,False,False,False,False,False,False,False,False,False,False,True,False,False,False,True,False,False,False,True,False
1968,False,False,False,False,False,True,False,False,False,False,True,False,False,False,False,False,False,False,False,True,True,False,False,False,False,True,False,False,False,True,False
1969,True,False,True,False,False,False,True,True,False,True,True,True,False,False,False,True,False,False,False,False,False,False,False,False,False,False,False,False,False,True,False
1970,False,True,False,True,False,False,False,False,False,False,False,False,False,True,True,False,False,False,False,True,False,False,False,False,False,True,True,False,False,False,False
1971,False,False,False,False,False,True,False,False,False,True,False,False,False,True,True,True,False,False,True,True,True,False,False,False,False,False,True,False,True,False,True
1972,False,False,False,True,False,True,False,False,False,False,False,False,False,False,False,True,False,False,False,False,False,False,False,False,False,False,False,False,True,False,True
1973,True,True,True,True,False,True,True,False,False,False,False,True,True,False,True,True,True,False,False,False,False,False,True,False,False,False,False,False,False,False,True
1974,False,False,False,False,False,True,False,False,False,True,False,False,False,False,False,False,False,False,False,False,True,False,False,False,False,False,True,False,True,False,True
1975,True,False,True,False,True,True,True,False,False,True,True,False,False,False,False,False,False,False,False,False,False,True,False,False,True,False,True,False,False,False,False
1976,False,True,False,True,False,True,False,False,False,False,True,False,False,False,True,False,False,False,False,True,True,False,False,False,False,False,False,False,False,False,False
1977,False,False,False,True,False,True,False,False,False,False,False,False,False,False,False,False,False,False,False,False,False,False,False,False,False,False,False,False,False,False,True
1978,True,True,True,False,False,False,False,False,True,True,False,True,False,False,False,False,False,False,False,False,False,False,True,False,False,False,False,False,False,False,False
1979,False,False,False,False,False,False,False,True,False,False,False,False,False,False,False,False,False,False,False,False,True,False,False,False,False,True,False,False,True,True,True
1980,True,False,False,True,False,True,False,False,False,False,True,False,True,True,False,True,False,True,False,True,False,True,False,False,True,False,True,False,False,False,False
1981,True,False,True,False,False,True,False,False,False,True,False,False,False,False,False,False,True,False,False,False,False,False,True,False,False,False,True,False,False,False,False
1982,False,False,False,False,False,False,False,False,True,False,False,False,False,False,True,False,False,False,False,False,True,False,False,False,False,True,False,False,True,True,True
1983,True,True,False,True,False,True,False,False,False,False,True,False,False,False,True,False,False,False,False,True,False,True,False,False,False,True,False,False,False,False,True
1984,True,True,False,False,False,False,False,False,False,False,False,False,False,False,False,True,False,False,False,False,False,False,False,True,False,False,False,False,False,False,False
1985,True,False,False,False,False,True,False,False,False,False,True,False,False,False,False,False,False,False,False,False,True,False,False,False,False,False,False,False,False,False,False
1986,True,True,False,False,False,True,False,False,True,False,False,False,False,False,False,False,False,False,False,False,False,False,False,False,False,False,False,False,False,False,False
1987,True,False,False,False,False,False,False,False,True,True,False,False,True,False,False,False,False,False,False,False,False,False,False,False,True,False,True,False,False,False,False
1988,False,False,False,False,False,True,False,False,True,False,False,False,False,False,False,False,False,True,False,False,False,False,False,False,False,True,True,False,True,True,True
1989,False,True,False,True,False,False,False,False,False,True,False,False,False,True,True,False,False,True,False,False,False,False,False,False,False,True,True,False,False,True,True
1990,True,False,True,False,True,True,False,False,False,False,True,True,False,False,False,False,False,False,False,True,False,False,False,False,False,False,False,False,False,False,False
1991,False,False,False,False,False,False,False,False,False,False,False,False,False,False,False,False,False,False,False,False,False,False,False,False,False,True,True,False,False,False,True
1992,False,True,False,True,False,True,False,False,False,True,False,False,True,False,True,False,False,True,False,False,False,False,False,False,False,False,False,False,True,False,True
1993,False,False,False,False,False,False,False,False,True,True,False,False,False,False,False,False,False,False,False,True,True,False,False,False,True,False,True,False,True,True,True
1994,True,True,False,True,False,True,False,False,True,False,False,False,False,False,False,False,False,False,False,False,False,False,False,False,False,False,False,False,False,False,False
1995,False,False,False,False,False,True,False,False,False,False,False,False,False,True,False,False,False,False,False,True,True,False,False,False,False,True,True,False,False,False,False
1996,False,False,False,False,False,True,False,False,False,False,False,False,False,False,False,False,False,False,False,True,False,False,False,False,True,False,True,False,False,True,True
1997,False,False,False,False,False,False,False,False,False,True,False,False,False,True,False,False,False,False,False,False,False,False,False,False,True,False,True,False,True,True,True
1998,False,False,False,False,False,False,False,False,False,False,False,False,False,False,True,False,True,False,False,False,False,False,True,False,False,True,True,False,False,True,True
1999,False,False,False,False,False,False,False,False,False,False,False,False,False,False,False,False,False,False,False,False,False,False,False,False,False,True,True,True,True,True,True
2000,False,False,False,False,False,False,False,False,False,False,False,False,False,True,False,False,True,False,False,False,False,False,True,False,False,True,True,False,False,True,False
2001,True,True,False,False,False,True,False,False,False,False,False,False,False,False,False,False,False,True,False,False,False,False,False,False,False,True,False,False,False,True,False
2002,False,False,False,False,False,True,False,False,False,False,False,False,False,False,False,False,False,True,False,True,False,False,False,False,False,True,True,False,False,True,True
2003,False,False,False,False,False,False,False,False,False,False,False,False,False,False,False,False,False,True,False,False,False,False,False,False,False,True,True,True,True,True,True
2004,True,True,False,True,False,True,False,False,False,False,True,False,False,True,True,False,False,False,False,False,False,False,False,False,False,True,True,False,False,False,False
2005,False,False,False,True,False,True,False,False,False,False,False,False,False,False,False,False,False,False,False,True,False,False,False,False,False,True,False,False,False,False,True
2006,True,True,True,True,False,True,False,False,False,False,True,True,False,True,True,True,False,True,,True,False,True,True,False,False,False,True,False,False,False,True
2007,False,False,False,False,False,False,False,False,False,False,False,False,False,True,False,False,False,False,False,False,False,False,False,False,False,False,True,False,False,False,False
2008,True,False,True,True,False,True,True,False,False,False,True,False,True,True,True,False,False,False,False,False,False,False,False,False,True,False,True,False,False,False,True
2009,True,False,False,False,False,False,False,False,True,False,True,False,False,False,False,False,False,False,False,True,True,False,False,False,False,False,False,False,False,False,False
2010,True,False,False,False,False,False,True,False,True,False,True,False,False,False,False,False,False,False,False,True,True,False,False,False,False,False,True,False,False,False,False
2011,True,False,False,False,False,False,False,False,False,False,False,False,True,False,False,False,False,False,False,False,False,False,False,False,False,True,True,False,True,False,False
2012,False,False,False,False,False,True,False,True,False,True,False,False,False,False,True,False,False,True,False,False,False,False,False,False,True,False,True,False,False,False,True
2013,True,True,True,True,False,True,False,False,False,True,False,True,False,False,False,True,False,False,True,False,True,False,True,False,False,False,False,False,False,False,False
2014,False,False,False,True,False,False,False,False,False,False,False,False,False,False,False,False,False,False,False,False,False,False,False,False,False,False,False,False,True,False,True
2015,False,False,False,False,False,False,False,False,False,False,False,False,True,False,False,False,False,False,False,False,False,False,False,False,False,True,True,False,True,False,True
2016,True,True,False,False,False,True,False,False,False,False,True,False,False,True,True,False,False,False,False,False,False,False,False,False,False,True,False,False,False,False,False
2017,False,False,False,False,False,False,False,False,True,False,False,False,False,False,False,False,False,False,False,True,True,True,False,False,False,False,False,False,False,False,False
2018,False,False,False,False,False,False,False,False,False,False,False,False,False,False,False,True,False,False,False,False,False,False,False,False,False,True,False,True,False,True,True
2019,False,False,False,False,False,False,False,False,False,True,False,False,False,False,False,False,False,False,False,False,False,False,False,False,False,False,False,False,False,False,False
2020,False,False,False,False,False,False,False,False,True,True,False,False,False,True,False,False,False,False,False,False,False,False,False,False,False,False,True,False,True,True,True
